Plot,GroupedTreeSpecies,Treedata.Tree_Decay,Treedata.DBH_cm ,,
1,2,4,25,,
1,2,4,26.5,,
1,2,4,52.5,,
1,2,4,19.5,,
1,2,3,11,,
1,2,2,9,,
1,2,5,9.5,,
1,2,3,13,,
1,2,4,58.5,,
1,1,5,12.5,,
1,2,4,13,,
1,1,2,10,,
1,2,2,9.5,,
1,1,2,14,,
1,1,4,24,,
1,1,4,25.5,,
1,1,4,12,,
1,1,4,13.5,,
1,1,4,20,,
1,1,1,31,,
1,2,2,32,,
1,1,3,9.5,,
1,1,2,10,,
1,1,3,8.5,,
1,2,5,23,,
1,2,4,51.5,,
1,2,4,17.5,,
1,2,3,10.5,,
1,1,1,11,,
1,2,4,31.5,,
1,2,2,31.5,,
2,2,2,12,,
2,2,2,12.5,,
2,2,3,25.5,,
2,2,3,28.5,,
2,2,3,11,,
2,2,4,8,,
2,2,2,18.5,,
2,2,3,19.5,,
2,2,2,24.5,,
2,2,3,12.5,,
2,2,2,8,,
2,2,4,20,,
2,2,3,15.5,,
2,2,4,10,,
2,2,1,26,,
2,2,4,12.5,,
2,2,3,13.5,,
2,2,2,48,,
2,2,1,20,,
2,2,2,13.5,,
2,2,3,21,,
2,2,3,14.5,,
2,2,2,21.1,,
2,2,2,24,,
2,2,3,13.5,,
2,2,3,25,,
2,2,4,24,,
2,2,2,18,,
2,2,3,13,,
2,2,3,23.5,,
2,2,4,7,,
2,2,1,30,,
2,2,1,36,,
2,2,2,27.5,,
2,2,4,54,,
3,1,4,41,,
3,2,3,26,,
3,2,4,20.5,,
3,2,2,52,,
3,2,3,41.5,,
3,2,3,42,,
3,2,4,21,,
3,2,2,43,,
3,2,2,51,,
3,2,3,14.5,,
3,2,3,24.5,,
3,2,3,27,,
3,2,4,73.5,,
3,2,4,56,,
3,2,3,37,,
3,2,3,21,,
3,2,3,32.5,,
3,2,3,39,,
3,2,4,75.5,,
3,2,4,55,,
3,2,5,45,,
3,2,3,24.5,,
3,2,2,9.5,,
3,2,4,19.5,,
3,2,5,21.5,,
3,1,2,13,,
3,2,3,42,,
3,2,4,28,,
3,2,5,38,,
3,2,3,14.5,,
3,1,2,16,,
3,1,2,15.5,,
5,2,3,16,,
5,2,3,25,,
5,2,4,30.5,,
5,2,3,9.5,,
5,2,2,38.5,,
5,2,5,30,,
5,2,2,29,,
5,1,3,7,,
5,1,2,37.5,,
5,2,4,38.5,,
5,2,3,43.5,,
5,2,3,37.5,,
5,2,4,12,,
5,2,3,38,,
5,2,4,10,,
5,2,4,60,,
5,2,3,50.5,,
5,2,4,11.5,,
5,2,3,23.5,,
5,2,4,32,,
5,2,3,38.5,,
5,2,4,41,,
5,2,2,38,,
5,2,3,27.5,,
5,2,4,19.5,,
5,2,4,7,,
5,2,4,21.5,,
5,2,4,31.5,,
5,2,4,53,,
5,2,2,76.5,,
5,1,3,16,,
7,2,3,34,,
7,2,3,24,,
7,2,3,31,,
7,2,3,28,,
7,2,3,38,,
7,2,4,21,,
7,2,3,18,,
7,2,3,16,,
7,1,3,9,,
7,2,3,32,,
7,2,3,9,,
7,2,3,15,,
7,2,4,17,,
7,2,3,39,,
7,2,4,21,,
7,2,3,25,,
7,1,3,9,,
7,2,3,23,,
7,2,3,7,,
7,2,3,14,,
7,2,3,15,,
7,2,3,34,,
7,2,3,17.5,,
7,2,3,25,,
7,2,3,21.5,,
7,2,2,11,,
7,2,3,11,,
7,2,3,20,,
7,2,3,18,,
7,2,3,22,,
7,2,3,18,,
7,2,4,13,,
7,2,3,8,,
7,2,3,25.5,,
7,2,1,30,,
7,2,4,13,,
7,2,3,45,,
7,2,3,45,,
7,2,4,19,,
7,2,3,44,,
7,2,3,25.5,,
7,2,4,20,,
7,2,3,32.5,,
7,2,3,28,,
7,2,3,22,,
7,2,3,14,,
7,2,3,23,,
7,2,3,18,,
7,2,3,17,,
7,2,4,27,,
7,2,4,20,,
7,2,3,27,,
7,2,3,37,,
7,2,3,32,,
7,2,3,18,,
7,2,4,14,,
7,2,4,30,,
7,2,3,24,,
7,2,3,17,,
7,2,3,25,,
7,2,3,25.5,,
7,2,3,23,,
7,2,3,30,,
7,2,3,11,,
7,2,3,34,,
7,2,3,13,,
7,2,3,28,,
7,2,3,46,,
7,2,3,42,,
7,2,3,27,,
7,2,3,23,,
7,2,3,28,,
7,2,3,23,,
7,2,4,11,,
7,2,3,22,,
7,2,3,18,,
7,2,4,8,,
7,2,3,10,,
7,2,3,24,,
7,2,3,13,,
7,2,3,19,,
7,2,3,31,,
7,2,3,9,,
7,2,3,30,,
7,2,3,11,,
8,2,2,7,,
8,2,2,20.5,,
8,2,2,8.5,,
8,2,2,8,,
8,2,2,8.5,,
8,2,2,9,,
8,2,3,9,,
8,2,2,11.5,,
8,2,3,14,,
8,2,2,15.5,,
8,2,3,21,,
8,2,2,13,,
8,2,2,43.5,,
8,2,2,10,,
8,NA,NA,NA,,
8,NA,NA,NA,,
8,2,2,15.5,,
8,2,3,8.5,,
8,2,3,15,,
8,2,3,10,,
8,2,2,19,,
8,2,3,17,,
8,2,2,19,,
8,2,4,25,,
8,2,2,7.5,,
8,NA,NA,NA,,
9,1,2,8,,
9,2,4,31,,
9,2,3,56,,
9,2,2,92,,
9,1,3,24.5,,
9,1,2,7,,
9,NA,NA,NA,,
9,1,4,36,,
9,2,3,83,,
9,2,4,45,,
9,2,4,32,,
9,2,4,50,,
9,2,4,57.5,,
9,2,3,9,,
9,2,4,9,,
9,NA,NA,NA,,
9,2,4,55,,
9,1,4,7.5,,
9,1,4,8.5,,
9,1,4,18,,
9,2,4,52,,
9,NA,NA,NA,,
9,2,3,18.5,,
9,2,4,14.5,,
9,2,4,10,,
9,2,4,9,,
9,2,2,7,,
9,2,2,19.5,,
9,2,2,24,,
9,2,2,11,,
9,2,3,11,,
9,1,3,15,,
9,2,2,79,,
9,2,2,31,,
9,2,5,12,,
9,2,5,11,,
9,2,2,9,,
9,NA,NA,NA,,
10,2,3,10.5,,
10,1,2,13,,
10,2,3,26,,
10,2,3,36.5,,
10,2,3,43,,
10,2,3,31,,
10,2,3,33,,
10,2,5,16.5,,
10,2,3,23,,
10,2,4,19,,
10,NA,NA,NA,,
10,NA,NA,NA,,
10,NA,5,24.5,,
10,NA,3,29,,
10,NA,NA,NA,,
10,NA,NA,NA,,
10,NA,NA,NA,,
11,2,2,52,,
11,2,3,19,,
11,2,3,42,,
11,2,3,55,,
11,2,4,25,,
11,2,3,52,,
11,2,3,22.5,,
11,2,4,22,,
11,2,4,17,,
11,2,2,32,,
11,2,3,51,,
11,2,3,34,,
11,2,2,84,,
11,2,4,12,,
11,2,3,88,,
11,2,2,7,,
11,2,2,18,,
11,2,4,47,,
11,2,2,9,,
11,1,2,7,,
11,1,2,9.5,,
11,2,4,37,,
11,1,2,49,,
11,1,3,35,,
11,2,2,10,,
11,2,2,45,,
11,2,2,19.5,,
11,2,4,27,,
11,2,3,16,,
11,2,2,9.5,,
11,2,5,77,,
11,2,2,80,,
11,2,5,40,,
11,2,4,15.5,,
11,2,3,22,,
11,2,2,40,,
11,2,5,26,,
11,2,3,38,,
11,2,3,12,,
11,2,4,25,,
11,2,4,26,,
11,2,5,15,,
11,2,4,12,,
11,2,4,20,,
11,2,2,35,,
11,2,4,30,,
11,2,2,45,,
11,2,4,30,,
11,2,4,57,,
11,2,2,43,,
11,2,3,38,,
11,2,2,53,,
11,2,2,8,,
11,2,5,42,,
11,2,3,12.5,,
11,2,3,20,,
11,2,3,13,,
11,2,3,20,,
11,2,4,17,,
11,2,3,29,,
11,2,3,10.5,,
11,2,2,76,,
11,2,5,24,,
11,2,2,33,,
11,2,3,38,,
11,2,3,28,,
11,2,3,28,,
11,2,3,21,,
11,2,3,38,,
11,1,2,14,,
11,1,2,7.5,,
11,2,4,35,,
11,1,2,7.5,,
11,2,2,11,,
11,2,3,82,,
11,2,3,50,,
11,2,2,25,,
11,2,3,9.5,,
14,1,3,8,,
14,1,4,9,,
14,1,4,40,,
14,1,4,22.5,,
14,1,3,49,,
14,1,3,7.5,,
14,2,4,10,,
14,2,4,18,,
14,1,3,9.5,,
14,1,4,9.5,,
14,2,2,7.5,,
14,2,3,11,,
14,1,2,16,,
14,1,2,7.5,,
14,2,3,10.5,,
14,2,3,8,,
14,2,4,8,,
14,2,3,18.5,,
14,2,3,8,,
14,2,3,12,,
14,2,3,15,,
14,2,2,13,,
14,1,2,25.5,,
14,2,2,13,,
14,1,3,9,,
14,2,3,7.5,,
14,2,2,7.5,,
14,2,3,10.5,,
14,2,2,7.5,,
14,2,3,32.5,,
14,2,4,11.5,,
14,2,2,10,,
14,2,2,9,,
14,2,2,11,,
14,2,4,17,,
14,2,1,11,,
14,2,2,10,,
14,2,3,8,,
14,2,3,13,,
14,2,3,8,,
14,2,3,11,,
14,2,2,16,,
14,2,2,15,,
14,2,4,14,,
14,2,3,9,,
14,2,2,10.5,,
14,2,3,7.5,,
14,2,2,8,,
14,2,3,18,,
14,2,4,11,,
14,2,2,8,,
14,2,3,10,,
14,2,2,16,,
14,2,4,9.5,,
14,2,3,9.5,,
14,2,4,9,,
14,2,5,9.5,,
14,2,4,14.5,,
14,2,3,7.5,,
14,2,2,10.5,,
14,2,2,13,,
14,2,2,9.5,,
14,2,2,17,,
14,2,2,13,,
14,2,2,10.5,,
14,2,2,27.5,,
14,1,4,10,,
14,2,2,12,,
14,2,4,9.5,,
14,2,3,27.5,,
14,2,3,8.5,,
14,1,4,12.5,,
14,2,2,7.5,,
14,2,2,19,,
14,2,3,10,,
14,2,2,25,,
14,2,3,16,,
14,2,4,23,,
14,2,3,29,,
14,2,3,7.5,,
14,2,4,9,,
14,2,3,13.5,,
14,2,3,29,,
14,2,3,9,,
14,2,2,14.5,,
14,2,3,8,,
14,2,2,13,,
14,2,3,8,,
14,2,3,34.5,,
14,2,3,13,,
14,2,3,8,,
14,2,3,11,,
14,2,3,9,,
14,2,4,7.5,,
15,2,3,52,,
15,2,4,30,,
15,2,3,50.5,,
15,2,4,13.5,,
15,2,3,76.5,,
15,2,4,41.5,,
15,2,4,8.5,,
15,2,3,95,,
15,2,4,13,,
15,2,4,66,,
15,2,3,14.5,,
15,2,3,13,,
15,2,2,59.5,,
15,2,4,18.5,,
15,2,3,11,,
15,2,4,9,,
15,2,2,70.5,,
15,2,4,7.5,,
15,2,3,49.5,,
15,2,4,60,,
15,1,3,10,,
15,NA,NA,NA,,
15,2,3,77.5,,
15,2,3,96.5,,
15,2,5,55,,
15,2,4,15,,
15,2,3,58.5,,
15,2,4,35.5,,
15,2,3,67,,
15,2,3,8.5,,
15,1,3,18.5,,
15,2,4,33.5,,
15,2,3,9.5,,
15,2,3,19.5,,
15,2,2,7.5,,
15,2,4,11.5,,
15,2,3,15,,
15,2,3,9.5,,
15,2,3,51.5,,
15,2,3,53,,
15,2,3,53.5,,
15,2,4,40,,
15,2,3,53.5,,
15,2,4,30.5,,
15,NA,NA,NA,,
16,1,1,53,,
16,1,1,15,,
16,1,1,7.5,,
16,1,2,10,,
16,1,1,10.5,,
16,1,2,11,,
16,1,2,8,,
16,1,5,NA,,
16,1,2,47,,
16,1,2,15,,
16,1,2,7,,
16,1,3,11,,
16,1,3,15,,
16,1,4,15.5,,
16,1,2,8.5,,
16,2,4,62,,
16,1,1,24,,
16,1,1,10,,
16,1,1,8,,
16,1,1,10,,
16,1,1,9,,
16,1,2,20,,
16,1,2,9,,
16,1,1,8.5,,
16,1,1,9.5,,
16,1,1,14,,
16,1,2,10,,
16,2,2,11.5,,
16,2,4,31.5,,
16,2,1,7.5,,
16,2,1,7,,
16,2,1,8.5,,
16,2,4,32,,
16,1,2,14,,
16,1,1,17,,
16,1,1,13.5,,
16,1,1,30,,
16,1,2,16.5,,
16,1,1,11,,
16,1,1,20.5,,
16,1,4,21,,
16,1,1,15.5,,
16,2,1,36.5,,
16,1,1,9,,
16,2,2,31,,
16,2,2,33.5,,
16,2,2,38,,
16,2,3,17.5,,
16,2,5,16,,
16,2,4,18.5,,
17,2,4,16,,
17,2,3,48,,
17,2,5,38,,
17,2,3,50,,
17,2,3,45,,
17,2,3,47,,
17,2,2,50,,
17,2,3,16.5,,
17,2,3,53,,
17,2,2,9,,
17,2,2,11,,
17,2,3,33,,
17,2,3,15.5,,
17,2,3,11,,
17,2,3,11,,
17,2,5,31,,
17,2,4,42,,
17,2,2,60,,
17,2,3,42,,
17,2,2,8,,
17,2,3,8,,
17,2,4,25,,
17,2,2,14,,
17,2,3,18,,
17,2,3,50,,
17,2,3,27,,
17,2,3,18,,
17,2,2,65,,
17,2,3,11.5,,
17,2,4,27,,
17,2,5,40,,
17,2,4,30,,
17,2,2,57,,
17,2,4,7.5,,
17,2,2,76,,
17,2,3,65,,
17,2,4,22,,
17,2,4,22,,
17,2,4,25,,
17,2,3,60,,
17,2,3,20,,
17,2,3,22,,
17,2,3,23,,
17,2,3,33,,
17,2,2,12.5,,
17,2,2,17,,
17,2,2,13,,
17,2,3,13.5,,
17,2,4,16,,
17,2,2,23.5,,
17,2,2,22,,
17,2,3,53,,
17,2,2,54,,
17,2,2,13,,
17,2,2,30,,
17,2,2,70,,
17,2,2,32,,
17,2,2,40,,
17,2,2,32,,
17,2,3,10.5,,
17,2,2,50,,
17,2,5,26,,
18,2,3,23,,
18,2,2,42,,
18,2,2,7.5,,
18,2,2,10.5,,
18,2,4,46.5,,
18,2,4,26,,
18,2,2,20,,
18,2,5,13.5,,
18,2,5,12.5,,
18,2,3,49,,
18,2,3,16.5,,
18,2,3,17.5,,
18,2,3,23,,
18,2,4,27,,
18,2,3,15,,
18,2,3,10,,
18,2,2,9,,
18,2,4,32.5,,
18,2,3,29.5,,
18,2,3,48,,
18,2,3,13,,
18,2,3,33,,
18,2,3,27,,
18,2,4,41.5,,
18,2,3,33.5,,
18,2,4,10,,
18,2,2,21,,
18,2,3,51,,
18,2,3,9,,
18,2,2,53.5,,
18,2,2,79,,
18,2,3,60,,
18,2,3,19,,
18,2,3,10,,
18,2,3,14,,
18,2,3,24,,
18,2,5,29,,
18,2,2,60,,
18,2,2,8.5,,
18,2,3,55,,
18,2,2,9,,
18,2,1,64,,
18,2,3,19,,
18,2,3,12.5,,
18,2,2,18,,
18,2,3,77.5,,
18,2,2,11,,
18,2,2,80,,
19,NA,NA,NA,,
19,1,4,17,,
19,1,2,14.5,,
19,NA,NA,NA,,
19,2,3,12,,
19,2,2,85,,
19,1,4,31,,
19,2,2,45.5,,
19,1,3,10.5,,
19,1,3,16.5,,
19,1,3,28.5,,
19,1,2,22.5,,
19,2,3,69,,
19,1,3,12,,
19,1,2,9.5,,
19,1,2,21.5,,
19,2,4,41,,
19,2,2,38.5,,
19,2,4,34,,
19,2,3,54.5,,
19,2,3,45,,
19,2,3,29,,
19,2,3,49,,
19,2,3,29.5,,
19,2,4,10.5,,
19,2,3,57,,
19,2,3,77,,
19,1,3,11,,
19,1,3,33,,
19,2,3,7,,
19,1,3,11,,
19,1,3,16,,
19,NA,NA,NA,,
20,2,2,12.5,,
20,2,3,11.5,,
20,2,4,17.5,,
20,2,2,15.5,,
20,2,3,30,,
20,2,2,13.5,,
20,2,2,13,,
20,2,3,38,,
20,2,3,25,,
20,2,3,17.5,,
20,2,4,15,,
20,2,3,30,,
20,2,3,35,,
20,2,3,27.5,,
20,2,2,45,,
20,2,5,38,,
20,2,2,40,,
20,2,3,9,,
20,2,3,49,,
20,2,2,60,,
20,2,3,52,,
20,2,4,22,,
20,2,3,13,,
20,2,2,58,,
20,2,2,7,,
20,2,2,50,,
20,2,2,10,,
20,2,3,10.5,,
20,2,3,11,,
20,2,5,18,,
20,2,5,27,,
20,2,4,17,,
20,2,4,53,,
20,2,4,36,,
20,2,3,46,,
20,2,3,15,,
20,2,4,15,,
20,2,3,15,,
20,2,4,20,,
20,2,2,11,,
20,2,4,33,,
20,2,3,25,,
20,2,2,40,,
20,2,5,15,,
20,2,2,60,,
20,2,2,40,,
20,2,2,47,,
20,2,4,30,,
20,2,4,30,,
20,2,2,61,,
20,2,3,50,,
20,2,3,12,,
20,2,4,25,,
20,2,3,38,,
20,2,2,33,,
20,2,4,41,,
20,2,3,47,,
20,2,3,42,,
20,2,4,26,,
20,2,3,25,,
20,2,3,22,,
20,2,3,35,,
20,2,3,30,,
20,2,3,48,,
20,2,5,36,,
21,2,5,16.5,,
21,2,3,12.5,,
21,2,4,24.5,,
21,2,1,59.5,,
21,2,4,25,,
21,2,5,31.5,,
21,2,5,38,,
21,2,3,45,,
21,2,1,7,,
21,2,4,28,,
21,1,1,30,,
21,2,1,33,,
21,2,4,51,,
21,1,3,10,,
21,2,1,13,,
21,2,4,46,,
21,2,3,11,,
21,2,1,15,,
21,2,4,25,,
21,1,2,18.5,,
21,2,4,28,,
21,2,4,73,,
21,2,4,41,,
21,2,4,41,,
21,2,3,54,,
21,2,2,57,,
22,2,2,38.5,,
22,2,4,14.5,,
22,2,4,18,,
22,2,2,42.5,,
22,2,2,38,,
22,2,5,47,,
22,2,5,6,,
22,2,4,23,,
22,2,2,32,,
22,2,4,23.5,,
22,2,4,24,,
22,2,2,9.5,,
22,2,2,9,,
22,2,3,8.5,,
22,2,4,12,,
22,2,5,14,,
22,2,3,35,,
22,2,3,12,,
22,2,3,11,,
22,2,4,36.5,,
22,2,3,10.5,,
22,2,2,10,,
22,2,2,50.5,,
22,2,3,29.5,,
22,2,4,22,,
22,2,4,21,,
22,2,2,39.5,,
22,2,4,16,,
22,2,3,23,,
22,2,3,23.5,,
22,2,3,15,,
22,2,3,9,,
22,2,3,23,,
22,2,4,8.5,,
22,2,4,22,,
22,2,4,15,,
22,1,4,11,,
22,2,4,28,,
22,2,5,21,,
22,2,4,19,,
22,NA,NA,NA,,
28,2,3,68,,
28,2,3,19.5,,
28,2,2,26,,
28,NA,NA,NA,,
28,2,5,81,,
28,2,4,25.6,,
28,2,4,64,,
28,2,4,13,,
28,2,3,13.5,,
28,2,4,49,,
28,2,4,40.5,,
28,2,4,64,,
28,2,4,48,,
28,2,3,9,,
28,2,5,34,,
28,2,4,42,,
28,2,4,23.4,,
28,2,4,12.5,,
28,2,4,21,,
28,2,4,28,,
28,2,4,46,,
28,2,3,22,,
28,2,4,23,,
28,2,3,19,,
28,2,4,75,,
28,2,3,18,,
28,2,3,35,,
28,2,3,46.5,,
30,2,4,30.5,,
30,2,4,16.5,,
30,2,2,22.5,,
30,2,3,24,,
30,2,4,35.5,,
30,2,4,11.5,,
30,2,3,34,,
30,2,4,49,,
30,1,1,17.5,,
30,1,1,29,,
30,2,2,69,,
30,1,2,9,,
30,2,4,40.5,,
30,2,4,12,,
30,2,4,13.5,,
30,2,4,23,,
30,2,4,42,,
30,2,4,45,,
30,2,3,29.5,,
30,1,2,9.5,,
30,2,4,13,,
30,2,4,16,,
30,2,5,31,,
30,2,4,25,,
30,2,4,14.5,,
30,2,4,32,,
30,2,4,40.5,,
30,2,4,11,,
30,2,4,19,,
30,1,3,16,,
30,1,2,9,,
30,2,4,14,,
30,1,2,15.5,,
30,2,4,16,,
30,1,2,18.5,,
30,2,4,24,,
30,2,3,38,,
30,2,2,37,,
31,2,3,13,,
31,2,2,41,,
31,2,2,37,,
31,2,4,11,,
31,2,3,9,,
31,2,2,34.5,,
31,2,3,45,,
31,2,5,14,,
31,2,4,39,,
31,2,3,12,,
31,2,3,30,,
31,2,2,38,,
31,1,2,12,,
31,1,4,9,,
31,1,3,22,,
31,1,3,21,,
31,1,3,24,,
31,1,3,12,,
31,1,3,7,,
31,1,3,20,,
31,1,4,9,,
31,1,3,7,,
31,1,3,9,,
31,2,2,14,,
31,1,3,14,,
31,1,4,9,,
31,1,3,18,,
31,2,3,44.5,,
31,1,4,16.5,,
31,1,2,10.5,,
31,1,3,7,,
31,1,3,29.5,,
31,1,3,28,,
31,2,4,13.5,,
31,1,2,13,,
31,1,3,10,,
31,2,3,9,,
31,2,3,9,,
31,2,3,12,,
31,2,4,13,,
31,2,3,9,,
31,2,3,13,,
31,1,2,32.5,,
31,2,4,7,,
31,1,3,13,,
31,2,4,9,,
31,2,3,34,,
31,2,3,8,,
31,1,3,22,,
31,1,3,16,,
31,1,3,21,,
31,1,3,21,,
31,2,3,44,,
31,1,3,12,,
31,1,4,27.5,,
31,1,3,8,,
31,1,3,8.5,,
31,1,2,34.5,,
31,1,3,19,,
31,1,2,9,,
31,1,4,15,,
31,1,3,33.5,,
31,1,2,62.5,,
31,1,3,8,,
31,1,3,32.5,,
31,1,3,12,,
31,1,3,54.5,,
31,1,4,18.5,,
31,1,3,9,,
31,1,3,7,,
31,1,4,25,,
31,1,3,16,,
31,1,4,25,,
33,2,3,58,,
33,1,1,9.5,,
33,1,1,9,,
33,1,2,16,,
33,1,1,21,,
33,1,1,4.5,,
33,2,2,52,,
33,2,3,9,,
33,2,3,35,,
33,1,1,8.5,,
33,1,1,10.5,,
33,1,2,20,,
33,1,1,24,,
33,2,1,8.5,,
33,2,2,10,,
33,2,2,8.5,,
33,2,2,9,,
33,2,2,8.5,,
33,2,3,45.5,,
33,2,2,7,,
33,NA,NA,NA,,
33,2,3,10,,
33,2,3,12.5,,
33,2,4,65.5,,
33,2,4,13,,
33,2,2,16,,
33,2,3,52,,
33,2,2,90,,
33,2,3,45.5,,
33,1,2,8.5,,
33,1,2,8,,
33,1,2,8.5,,
33,2,3,48,,
33,1,2,8.5,,
33,1,2,13,,
33,2,3,16.5,,
33,1,2,8,,
33,1,2,13.5,,
33,1,2,13.5,,
33,2,2,10.5,,
33,2,2,8,,
33,2,2,7,,
33,1,2,13,,
33,1,2,8,,
33,2,2,12,,
33,2,2,11,,
33,2,3,18,,
33,2,3,29.5,,
33,2,4,8.5,,
33,2,4,24.5,,
33,1,2,22.5,,
33,1,2,9,,
33,2,2,83,,
33,1,2,9,,
33,1,2,11.5,,
33,2,4,29.5,,
33,1,2,13,,
33,2,3,43,,
33,1,2,13.5,,
33,1,2,16,,
33,2,3,52,,
33,2,4,20.5,,
33,2,4,19,,
33,2,3,53.5,,
33,2,4,13,,
33,2,3,28,,
33,1,2,19,,
33,2,3,38,,
33,1,2,13.5,,
33,2,3,72.5,,
33,1,2,13,,
33,2,3,87.5,,
33,2,3,32,,
33,2,2,58,,
33,2,3,44,,
33,2,3,145,,
33,2,3,14.5,,
33,2,3,9,,
33,1,1,8,,
33,1,1,7,,
33,1,2,9,,
33,1,2,28.5,,
33,2,2,66.5,,
33,1,2,10,,
33,1,2,9,,
33,2,3,34.5,,
33,2,3,9.5,,
33,2,3,52,,
33,1,2,9.5,,
33,2,3,53.5,,
33,1,2,14.5,,
33,1,2,11,,
33,2,3,10,,
33,1,2,14,,
33,1,2,8.5,,
33,1,2,8.5,,
33,2,3,57.5,,
33,2,3,10,,
33,2,2,9,,
33,2,2,8.5,,
33,2,3,46.5,,
33,2,2,7.5,,
33,1,2,8,,
33,1,2,17,,
33,1,3,67,,
33,1,3,51,,
33,2,4,40.5,,
33,1,2,10.5,,
33,1,2,9,,
33,1,2,11,,
33,2,3,54,,
33,2,2,12,,
33,2,2,7.5,,
33,2,2,7.5,,
33,1,2,26,,
33,1,2,10.5,,
33,1,2,7,,
33,1,2,8,,
33,1,2,11,,
33,2,3,64.5,,
33,1,2,7,,
33,1,2,8.5,,
33,1,2,9.5,,
34,2,2,14.5,,
34,2,2,7.5,,
34,2,2,44.5,,
34,2,2,42,,
34,2,4,42,,
34,1,2,12,,
34,2,4,16,,
34,2,4,40.5,,
34,2,2,44,,
34,2,3,9.5,,
34,2,2,45,,
34,2,3,10.5,,
34,2,2,41,,
34,2,2,45,,
34,1,2,11,,
34,1,2,12,,
34,2,2,37,,
34,2,4,14,,
34,2,5,46,,
34,2,4,8.5,,
34,2,3,19,,
34,2,2,17,,
34,2,2,14,,
34,2,2,9,,
34,2,3,34,,
34,2,2,32,,
34,2,2,52,,
34,2,2,21,,
34,2,2,31,,
34,2,2,20,,
34,2,2,32,,
34,NA,5,19,,
34,2,4,26,,
34,2,3,13,,
34,2,4,9.5,,
34,2,4,25,,
34,2,5,10.5,,
34,2,4,22.5,,
34,2,2,56,,
34,2,4,32,,
34,2,5,17,,
34,2,3,19,,
34,2,5,32,,
34,2,2,39,,
34,2,3,21.5,,
34,2,2,50,,
34,2,NA,362,,
34,2,2,30,,
34,2,2,31,,
34,2,2,16,,
34,2,4,15,,
34,2,2,49,,
34,2,2,38,,
34,2,5,21,,
34,2,2,7,,
34,2,2,17,,
34,2,2,40,,
34,2,2,11,,
34,2,2,16,,
34,2,2,8,,
34,2,2,11,,
34,2,3,8.5,,
34,2,2,42,,
34,2,2,26,,
34,2,2,41,,
34,2,2,7.5,,
35,2,4,44,,
35,1,2,11.5,,
35,1,5,17,,
35,1,5,13,,
35,1,5,8,,
35,NA,NA,NA,,
35,1,5,21.5,,
35,2,5,9,,
35,2,4,66,,
35,2,5,32,,
35,2,4,13,,
35,2,5,12,,
35,2,4,71,,
35,2,5,69,,
35,2,3,9,,
35,2,3,7.5,,
35,2,3,63,,
35,2,3,48,,
35,2,3,37,,
35,2,4,10,,
35,2,3,42,,
35,1,3,25,,
36,2,3,8,,
36,2,3,9,,
36,2,4,8.5,,
36,2,4,38.5,,
36,2,3,17.5,,
36,2,4,38,,
36,2,5,36,,
36,1,3,26.5,,
36,2,3,10.5,,
36,2,4,40.5,,
36,2,4,39,,
36,2,2,60.5,,
36,2,3,48,,
36,2,3,63,,
36,2,3,55,,
36,2,3,54.5,,
36,2,3,55,,
36,2,4,24.5,,
36,2,3,8.5,,
36,2,3,25.5,,
36,2,4,29.5,,
36,2,3,40.5,,
36,2,3,17,,
36,2,4,27.5,,
36,2,3,13,,
36,2,3,14.5,,
36,2,4,30,,
36,2,4,8,,
36,2,4,9.5,,
36,2,4,34,,
36,2,5,18,,
36,2,4,32,,
36,2,3,25,,
36,2,5,33,,
36,2,4,30,,
36,2,3,23,,
36,2,5,27,,
36,2,3,42,,
36,2,4,9,,
36,2,3,46.5,,
36,2,4,12,,
37,1,3,57,,
37,1,4,14.5,,
37,1,4,13,,
37,2,4,13,,
37,1,3,13.5,,
37,1,3,16,,
37,1,4,20,,
37,1,3,16,,
37,1,3,27,,
37,NA,NA,NA,,
37,1,3,23,,
37,1,4,32.5,,
37,1,4,33,,
37,1,2,7,,
37,NA,NA,NA,,
37,1,3,54.5,,
37,1,2,8,,
38,2,4,25.5,,
38,2,3,8,,
38,2,4,25,,
38,2,4,9,,
38,2,3,33.5,,
38,2,3,41.5,,
38,2,4,26,,
38,2,4,28,,
38,2,5,25,,
38,2,4,37,,
38,2,4,35,,
38,2,4,45,,
38,2,4,31,,
38,2,4,38.5,,
38,2,4,28,,
38,NA,4,10.5,,
38,2,5,22.5,,
38,2,4,35,,
38,2,5,30.5,,
38,2,4,32,,
38,2,3,39.5,,
38,2,3,8.5,,
38,2,4,9,,
38,2,3,21.5,,
38,2,3,8.5,,
38,2,4,13,,
38,2,5,27,,
38,2,3,33,,
38,2,3,7,,
38,1,4,8,,
38,2,3,29.5,,
38,2,3,17.5,,
38,2,3,11.5,,
38,2,3,12,,
38,2,5,23,,
38,2,4,8,,
38,2,3,13,,
38,2,3,35.5,,
38,2,5,16,,
38,2,4,7.5,,
38,2,4,45.5,,
38,2,3,10,,
39,1,4,7.5,,
39,1,2,8.5,,
39,2,2,42.5,,
39,2,2,62,,
39,2,2,11,,
39,2,2,11.5,,
39,2,2,13.5,,
39,2,2,20.5,,
39,2,3,17,,
39,2,2,59.5,,
39,2,2,10.5,,
39,2,3,12,,
39,2,2,25,,
39,2,2,9,,
39,2,5,11,,
39,1,2,15,,
39,1,2,19,,
39,1,2,7,,
39,1,3,10.5,,
39,2,1,43,,
39,1,2,45.5,,
39,2,2,9,,
39,1,2,13,,
39,1,2,10.5,,
39,2,3,18,,
39,2,2,19,,
39,2,2,74,,
44,2,3,29,,
44,2,4,25.5,,
44,2,5,34,,
44,2,4,18.5,,
44,2,3,41,,
44,2,4,24.5,,
44,2,4,33.5,,
44,2,4,14,,
44,2,5,26.5,,
44,2,3,11.5,,
44,2,5,12,,
44,2,3,60,,
44,2,4,13,,
44,2,4,61.5,,
44,1,3,15,,
44,2,4,44.5,,
44,2,4,33,,
44,2,4,28,,
44,2,5,22.5,,
44,2,5,10.5,,
44,2,3,18.5,,
44,2,3,8.5,,
44,2,4,41.5,,
44,2,4,39.5,,
44,2,4,17,,
44,2,4,36.5,,
44,2,4,27,,
44,2,4,38,,
44,2,3,14,,
44,2,5,25,,
44,2,4,27,,
44,2,4,31.5,,
44,2,4,33,,
44,2,4,45,,
45,2,4,45.5,,
45,2,5,56,,
45,2,5,10,,
45,2,5,10,,
45,2,3,9.5,,
45,2,5,15,,
45,2,5,15,,
45,2,5,28,,
45,2,5,45,,
45,2,3,7,,
45,2,4,12.5,,
45,2,4,34.5,,
45,2,4,10.5,,
45,2,3,47,,
45,2,2,19.5,,
45,2,2,15,,
45,2,3,34,,
45,2,3,27,,
45,2,3,29,,
45,2,4,48,,
45,NA,NA,NA,,
45,2,4,26.5,,
45,2,4,12,,
45,2,5,25,,
45,2,5,55,,
45,2,3,42.5,,
45,2,3,37.5,,
45,2,3,22,,
45,2,3,52.5,,
45,2,4,42.5,,
45,2,3,11,,
45,2,3,28.5,,
45,2,2,50,,
45,2,4,37,,
45,2,3,41,,
45,2,4,35,,
45,2,4,7,,
45,2,4,30,,
45,2,3,60.5,,
45,2,4,28,,
45,2,3,64.5,,
45,2,4,28.5,,
45,2,2,22,,
45,2,3,23,,
45,2,3,16.5,,
45,2,4,8.5,,
45,2,4,33.5,,
45,2,3,9,,
45,2,3,40,,
45,2,4,52,,
45,2,5,42.5,,
45,2,5,45,,
45,2,4,29,,
45,2,4,22.5,,
45,2,3,7.5,,
45,2,4,47,,
45,2,5,33,,
45,2,4,31.5,,
45,2,4,23,,
45,2,4,36.5,,
45,2,4,24,,
45,NA,NA,NA,,
46,2,1,18,,
46,2,4,18,,
46,1,2,15,,
46,1,2,22.5,,
46,1,2,17,,
46,1,2,18.5,,
46,1,2,24,,
46,1,3,8,,
46,1,2,25,,
46,1,2,20.5,,
46,1,2,13.5,,
46,1,2,15.5,,
46,2,5,9,,
46,1,2,16.5,,
46,1,2,18,,
46,1,3,25,,
46,1,4,14.5,,
46,1,3,15,,
46,1,2,21.5,,
46,1,3,22,,
46,1,2,28,,
46,1,2,18.5,,
46,1,2,9,,
46,1,3,9,,
46,1,2,27,,
46,1,5,13,,
46,1,4,10,,
46,2,3,7,,
46,1,4,18.5,,
46,1,4,16.5,,
46,1,4,24,,
46,2,3,27,,
46,2,4,18,,
46,1,2,30.5,,
46,1,3,31,,
46,2,3,9,,
46,1,4,13,,
46,2,3,12,,
46,1,2,21.5,,
46,2,3,10,,
46,2,3,31.5,,
46,2,3,23,,
46,2,3,12.5,,
46,2,3,23.5,,
46,2,3,9,,
46,2,3,15.5,,
46,2,4,15.5,,
46,2,3,17.5,,
46,2,3,20.5,,
46,2,3,12.5,,
46,2,3,35,,
46,2,4,12,,
46,2,4,9,,
46,2,3,10,,
46,2,3,13,,
46,2,3,27,,
46,2,3,17,,
46,2,3,32,,
46,2,5,19,,
46,2,3,12,,
46,2,2,29.5,,
46,2,3,27.5,,
46,2,2,13,,
46,2,3,11,,
46,2,4,38,,
46,2,4,13,,
46,2,3,14,,
47,1,3,8,,
47,1,3,20.5,,
47,1,3,36.5,,
47,2,3,35,,
47,2,5,15,,
47,2,3,32,,
47,2,3,12,,
47,2,4,35,,
47,2,5,9,,
47,2,4,8,,
47,2,3,32.5,,
47,2,3,14,,
47,2,4,18.5,,
47,2,4,30.5,,
47,2,2,20,,
47,2,4,35.5,,
47,2,3,60,,
47,1,4,28.5,,
47,2,4,13,,
47,1,4,7,,
47,1,4,11.5,,
47,2,2,41.5,,
47,2,4,36,,
47,2,5,25,,
47,2,3,20.5,,
47,2,4,16,,
47,NA,4,NA,,
47,2,3,30,,
47,2,4,8,,
47,2,4,12,,
47,2,3,11,,
47,2,3,23,,
47,2,3,27.5,,
47,2,4,44,,
47,2,3,41.5,,
47,2,3,7.5,,
47,2,3,48,,
47,2,3,54,,
47,2,4,60,,
47,1,4,15.5,,
47,2,3,37,,
47,2,4,47,,
47,2,5,24.5,,
47,2,2,24.5,,
47,NA,NA,NA,,
48,2,5,55.5,,
48,2,3,76.5,,
48,2,4,8,,
48,2,3,92.5,,
48,NA,NA,NA,,
48,NA,NA,NA,,
48,NA,NA,NA,,
48,1,3,11.5,,
48,1,3,8.5,,
48,1,3,12.3,,
48,1,3,10.5,,
48,2,4,14,,
48,1,3,8,,
48,NA,NA,NA,,
48,2,3,27,,
48,2,3,18.5,,
48,2,3,16.5,,
48,2,4,22,,
48,NA,NA,NA,,
48,NA,NA,NA,,
48,2,4,24,,
48,2,4,18,,
48,2,4,26,,
48,2,4,32,,
48,1,3,8,,
48,1,3,8,,
48,2,3,7,,
48,2,4,28,,
48,2,3,24,,
48,1,2,7.5,,
48,2,4,61,,
48,2,4,17,,
48,1,4,17,,
48,2,4,7,,
48,2,3,9,,
48,2,4,11,,
48,2,5,50,,
48,2,4,11.5,,
48,2,3,53,,
48,2,4,10.5,,
48,2,3,24,,
50,NA,NA,NA,,
50,2,4,24,,
50,2,4,18,,
50,2,4,11,,
50,2,3,33,,
50,2,4,9.5,,
50,2,3,40,,
50,1,3,45,,
50,2,4,50,,
50,2,4,76,,
50,2,4,41,,
50,2,4,14.5,,
50,2,1,7,,
50,2,4,44,,
50,2,2,18.5,,
50,2,2,44,,
50,NA,NA,NA,,
50,2,3,40.5,,
50,2,4,25.5,,
50,2,3,55,,
50,2,5,20,,
50,2,4,36,,
50,2,4,40,,
50,2,4,43,,
50,2,4,39,,
50,2,4,27,,
52,2,4,8.5,,
52,2,3,14.5,,
52,NA,NA,NA,,
52,2,3,9.5,,
52,2,4,8,,
53,2,3,61,,
53,2,3,30,,
53,2,3,41.5,,
53,2,3,16,,
53,2,3,55,,
53,2,3,10,,
53,2,3,13,,
53,2,3,69,,
53,2,3,47,,
53,2,4,32,,
53,2,3,10,,
53,2,3,56,,
53,2,2,7,,
53,2,4,40.5,,
53,2,4,24,,
53,2,3,9.5,,
53,2,4,72.5,,
53,2,4,29.5,,
53,2,4,28,,
53,2,4,30,,
53,2,3,16,,
53,2,4,26.5,,
53,2,4,36.5,,
53,2,3,77.5,,
53,2,4,68.5,,
53,2,4,74.5,,
53,2,4,45.5,,
53,2,4,33,,
53,2,3,8,,
53,2,3,8,,
53,2,3,15.5,,
53,2,3,47,,
53,2,3,32.5,,
53,2,3,21.5,,
54,2,2,25.5,,
54,2,1,7.5,,
54,2,2,54,,
54,NA,4,45,,
54,2,4,37,,
54,2,4,21,,
54,2,4,12.5,,
54,2,2,15,,
54,2,3,21,,
54,2,4,31,,
54,1,2,14,,
54,1,2,7.5,,
54,2,2,12,,
54,2,3,14.5,,
54,2,3,18,,
54,2,4,35,,
54,2,5,47,,
54,2,4,26,,
54,NA,3,34,,
54,1,2,21.5,,
54,2,4,25,,
54,1,2,13.5,,
54,2,4,44,,
54,2,3,21.5,,
54,2,4,18,,
54,2,4,17,,
54,2,5,18,,
54,2,4,20.5,,
54,2,4,34,,
54,2,4,51,,
54,2,3,31.5,,
54,2,2,24,,
54,2,4,26,,
54,2,4,27,,
54,2,3,22.5,,
54,2,4,31.5,,
54,1,2,12.5,,
55,2,1,85,,
55,2,3,11,,
55,2,2,20,,
55,2,3,10.5,,
55,2,4,43,,
55,2,5,30,,
55,2,4,74,,
55,2,1,9,,
55,2,1,7,,
55,2,2,83,,
55,2,1,7.5,,
55,2,1,18,,
55,2,4,15,,
55,2,4,17,,
55,2,4,23.5,,
55,2,3,12,,
55,2,4,9.5,,
55,2,4,11,,
55,2,2,30.5,,
55,2,2,16.5,,
55,2,2,19.5,,
55,2,1,35,,
55,2,4,11,,
55,2,4,17,,
55,2,2,7,,
55,2,3,7.5,,
55,2,4,12,,
55,2,4,34,,
55,2,2,63,,
56,2,2,28,,
56,2,2,23,,
56,2,4,63,,
56,1,3,9.5,,
56,2,1,8,,
56,2,2,12,,
56,2,3,19.5,,
56,2,4,43,,
56,2,4,45.5,,
56,2,2,13,,
56,2,5,41,,
56,2,5,80.5,,
56,2,4,72,,
56,2,4,75,,
56,2,4,52.5,,
56,2,4,63,,
56,2,5,60,,
56,2,4,78,,
56,2,4,44,,
56,2,4,83,,
56,2,3,59.5,,
56,2,3,69,,
56,2,4,37.5,,
56,2,3,27,,
56,2,2,7.5,,
56,2,4,19,,
56,2,4,12,,
56,2,4,16,,
56,2,4,81,,
56,2,2,7,,
56,1,1,10.5,,
56,2,2,14.5,,
56,2,4,44,,
56,2,3,43,,
56,1,2,8,,
56,2,2,13,,
56,2,4,22,,
56,2,2,24,,
56,2,5,43,,
56,2,4,9.5,,
56,2,2,23.5,,
56,2,4,27,,
56,2,4,57.5,,
56,2,2,38,,
56,2,4,22,,
56,2,5,39,,
56,2,4,18.5,,
57,2,1,14,,
57,2,3,23,,
57,2,4,64,,
57,2,4,66.5,,
57,2,2,8.5,,
57,2,3,18,,
57,2,4,61,,
57,2,2,54.5,,
57,2,4,19,,
57,2,2,46.5,,
57,2,3,23.5,,
57,2,5,73,,
57,2,4,43,,
57,NA,NA,NA,,
57,2,3,8,,
57,2,3,7.5,,
57,2,4,34.5,,
57,2,4,28.5,,
57,2,3,34,,
57,2,2,46.5,,
57,2,1,7,,
57,2,5,11,,
57,2,1,11,,
57,2,4,17.5,,
57,2,2,39.5,,
57,2,4,42,,
57,2,5,41,,
57,2,3,21,,
57,2,3,26,,
57,2,4,49,,
57,2,4,50.5,,
57,2,2,50.5,,
57,2,3,29,,
58,NA,NA,NA,,
58,NA,NA,NA,,
58,1,2,10.5,,
58,2,4,16.5,,
58,2,3,27,,
58,2,4,18.5,,
58,2,4,15,,
58,2,4,37.5,,
58,2,2,15,,
58,2,4,32,,
58,2,4,34,,
58,2,4,12,,
58,2,5,43,,
58,2,4,27,,
58,2,4,26.5,,
58,2,4,14,,
58,2,4,29.5,,
58,2,3,21.5,,
58,2,4,8.5,,
58,2,3,26,,
58,2,4,41,,
58,2,4,43,,
58,2,4,38,,
58,2,4,24.5,,
58,2,3,11.5,,
58,2,4,42,,
58,2,4,24,,
58,2,5,51,,
58,2,4,22,,
58,2,4,16.5,,
58,2,4,40.5,,
58,2,2,30.5,,
58,1,2,8.5,,
59,2,4,14,,
59,2,3,28,,
59,2,3,25.5,,
59,2,3,35,,
59,2,4,21,,
59,2,2,35,,
59,2,4,8.5,,
59,2,4,18.5,,
59,2,3,8,,
59,2,3,36.5,,
59,2,4,36.5,,
59,2,4,26,,
59,2,3,26.5,,
59,2,3,22.5,,
59,2,4,12,,
59,1,3,8,,
59,2,4,33.5,,
59,2,2,37,,
59,2,2,7,,
59,2,4,15,,
59,2,3,33.5,,
59,1,2,9.5,,
59,2,3,36.5,,
59,2,3,11,,
59,1,4,13.5,,
59,1,3,8,,
59,1,3,9.5,,
59,2,4,11,,
59,2,2,9,,
59,2,3,10,,
59,2,5,11.5,,
59,2,4,9,,
59,2,2,29,,
59,2,3,11,,
59,2,3,35.5,,
59,2,5,10.5,,
59,2,2,22.5,,
59,2,2,31.5,,
59,2,5,28,,
59,2,3,32,,
59,2,2,30.5,,
59,2,3,23.5,,
59,2,3,35.5,,
59,2,3,33,,
59,2,3,10,,
59,2,3,29,,
59,2,3,8,,
59,2,3,8.5,,
59,2,2,11,,
59,2,2,8,,
59,2,3,9,,
59,2,3,15.5,,
59,1,2,9.5,,
59,2,3,33,,
59,2,2,16,,
59,2,3,25,,
59,2,4,24.5,,
59,2,4,9,,
59,1,3,7.5,,
59,2,5,7.5,,
59,2,4,30.5,,
59,2,4,14.5,,
59,1,3,13.5,,
59,2,3,23,,
59,1,4,8,,
59,2,4,9.5,,
59,2,4,31.5,,
59,2,4,41,,
59,2,3,17,,
59,1,4,22.5,,
59,2,3,27.5,,
59,2,3,34,,
59,2,2,9.5,,
59,1,3,21,,
59,2,4,11.5,,
59,2,4,9,,
59,2,4,10,,
59,1,3,14,,
59,2,2,43,,
59,1,4,9,,
59,2,4,24,,
59,2,3,22.5,,
59,1,2,18,,
59,1,3,7,,
59,2,3,17.5,,
59,2,4,16.5,,
59,2,5,14.5,,
59,2,2,27,,
59,NA,NA,NA,,
60,2,3,71,,
60,2,3,42,,
60,2,4,107,,
60,2,4,29.5,,
60,2,3,86,,
60,2,3,108.5,,
60,2,3,18.5,,
60,2,4,61.5,,
60,2,3,25,,
60,2,3,19.5,,
60,2,5,41,,
60,2,4,42.5,,
60,2,4,60.5,,
60,2,3,10.5,,
60,2,3,73.5,,
60,2,4,17,,
60,2,4,75,,
60,2,3,73.5,,
60,2,4,45,,
60,2,4,48.5,,
60,2,3,14.5,,
60,2,2,94,,
60,2,4,46.5,,
60,1,2,8.5,,
60,2,4,8.5,,
60,2,4,53,,
60,2,3,82,,
60,2,4,8,,
60,2,4,58,,
60,2,4,12,,
60,2,4,65.5,,
60,1,3,19,,
60,2,4,43,,
60,2,4,41,,
60,1,3,14.5,,
60,1,3,14,,
60,1,3,10.5,,
60,2,4,52,,
60,2,4,57,,
60,2,4,73.5,,
60,1,2,13.5,,
60,1,3,8,,
60,2,4,58,,
60,2,4,27,,
60,NA,NA,NA,,
61,2,2,13,,
61,1,4,20,,
61,1,4,36,,
61,1,3,44,,
61,1,5,32,,
61,1,5,10,,
61,1,4,9.5,,
61,1,5,35.5,,
61,1,3,10,,
61,1,3,32.5,,
61,1,3,34,,
61,1,3,7.5,,
61,1,4,25,,
61,1,3,37.5,,
61,1,3,12,,
61,1,4,51.5,,
61,2,4,8.5,,
61,1,4,20.5,,
61,2,3,18,,
61,1,4,38,,
61,2,4,12.5,,
61,1,4,62.5,,
61,1,3,10,,
61,1,4,34,,
61,1,4,17.5,,
61,1,4,28,,
61,1,5,23,,
61,1,4,7,,
61,1,4,8,,
61,1,3,7,,
61,1,3,10,,
61,1,4,13.5,,
61,1,5,16.5,,
61,2,3,7,,
61,1,4,10.5,,
61,1,4,10,,
61,1,4,37.5,,
61,1,4,13,,
61,1,4,43.5,,
61,1,4,61.5,,
61,1,4,37,,
61,1,4,9,,
61,NA,NA,NA,,
63,1,3,27,,
63,2,4,9.5,,
63,2,4,18,,
63,2,5,23.5,,
63,2,4,9,,
63,2,4,8.5,,
63,1,3,44,,
63,2,4,10.5,,
63,2,4,13,,
63,2,3,13,,
63,1,3,8.5,,
63,1,4,57,,
63,1,3,13,,
63,1,3,7,,
63,1,3,8,,
63,1,3,9,,
63,1,3,14.5,,
63,1,4,33.5,,
63,1,3,16.5,,
63,1,3,9.5,,
63,2,4,12,,
63,2,3,8,,
63,2,3,8.5,,
63,2,4,16.5,,
63,2,4,51.5,,
63,1,3,15,,
63,2,4,11,,
63,2,4,58.5,,
63,2,3,15,,
63,2,3,14,,
63,2,4,10,,
63,2,4,13.5,,
63,1,3,10,,
63,2,4,19,,
63,2,4,30.5,,
63,1,4,12,,
63,2,4,38.5,,
63,1,4,10.5,,
63,1,3,8.5,,
63,1,2,16,,
63,1,3,9,,
63,1,3,9,,
63,1,3,9,,
63,1,3,8,,
63,1,4,14,,
63,1,3,39.5,,
63,1,3,12.5,,
63,2,4,64,,
63,1,3,10.5,,
63,1,4,26,,
63,2,3,37,,
63,2,3,8.5,,
63,2,2,41,,
63,2,2,7,,
63,2,3,68.5,,
63,1,3,18.5,,
63,2,4,43,,
63,1,3,9,,
63,2,3,10,,
63,2,4,17.5,,
63,2,2,37,,
63,2,4,18,,
63,2,5,18,,
63,2,4,34,,
63,2,4,16.5,,
64,1,4,20.5,,
64,1,3,60,,
64,1,4,23,,
64,1,3,37.5,,
64,2,3,37,,
64,1,3,10,,
64,2,4,46.5,,
64,1,3,9,,
64,1,3,21,,
64,1,3,7,,
64,2,3,36.5,,
64,2,3,48,,
64,1,2,8,,
64,1,3,8,,
64,1,3,10,,
64,1,4,7.5,,
64,1,4,7.5,,
64,1,3,44,,
64,1,3,12.5,,
64,1,3,8.5,,
64,2,4,23,,
64,1,3,23.5,,
64,2,4,27.5,,
64,1,3,9,,
64,2,3,51.5,,
64,2,3,9.5,,
64,2,4,10.5,,
64,2,2,60,,
64,1,3,52.5,,
64,2,4,21,,
64,2,3,50.5,,
64,2,4,45,,
64,1,3,25.5,,
64,1,4,24.5,,
64,2,4,39,,
64,2,4,56,,
64,2,4,66,,
64,2,4,60.5,,
64,2,4,10,,
64,1,2,38.5,,
64,2,4,50.5,,
64,2,3,11.5,,
64,1,4,33,,
64,2,4,28.5,,
64,2,5,27,,
64,2,4,41,,
64,2,4,48.5,,
64,NA,NA,NA,,
64,2,3,10,,
64,2,4,15,,
64,2,2,52,,
64,1,3,7,,
64,2,4,24,,
64,NA,NA,NA,,
65,2,3,27.5,,
65,2,3,7,,
65,2,2,9.5,,
65,2,2,10.5,,
65,2,4,8,,
65,2,3,17,,
65,1,4,7,,
65,1,4,7,,
65,2,2,20.5,,
65,2,4,10.5,,
65,2,3,20,,
65,2,4,38,,
65,2,3,22,,
65,2,3,67,,
65,2,3,53,,
65,2,4,45,,
65,2,3,47.5,,
65,2,3,9,,
65,2,5,14,,
65,2,4,76.5,,
65,1,3,7.5,,
65,1,3,7,,
65,1,3,8.5,,
65,1,1,7.5,,
65,2,4,12,,
65,2,4,8,,
65,2,1,8,,
65,1,3,8,,
65,2,5,27,,
65,2,3,59.5,,
65,2,2,9.5,,
65,2,3,7,,
65,2,3,9.5,,
65,2,2,11,,
65,2,4,52,,
65,2,4,12,,
65,2,4,31,,
65,2,3,40,,
65,2,3,15,,
65,2,2,61,,
65,2,4,15,,
65,2,3,7.5,,
65,2,3,32.5,,
65,2,3,47,,
65,2,3,9.5,,
65,2,3,47,,
65,2,3,71.5,,
65,2,3,50.5,,
65,2,2,8,,
65,2,4,43.5,,
65,2,3,59.5,,
65,2,3,52.5,,
65,2,3,52.5,,
66,2,3,33.5,,
66,2,3,31.5,,
66,2,3,28,,
66,2,4,36.5,,
66,2,2,39.5,,
66,2,5,29,,
66,2,4,8,,
66,2,3,39.5,,
66,2,4,40.5,,
66,2,4,39,,
66,2,3,44.5,,
66,2,3,11,,
66,2,4,31.5,,
66,2,2,51.5,,
66,2,4,25.5,,
66,2,4,39,,
66,2,4,37.5,,
66,1,3,29,,
66,2,4,25,,
66,1,3,30.5,,
66,1,4,25,,
66,1,3,31,,
66,2,4,41,,
66,1,3,17.5,,
66,2,4,15.5,,
66,2,3,8,,
66,2,4,39,,
66,2,4,54,,
66,1,4,27.5,,
66,2,3,46,,
66,2,3,40.5,,
66,2,4,36,,
66,2,3,43.5,,
66,2,4,38.5,,
66,2,4,41.5,,
66,2,4,16,,
66,2,4,46,,
66,1,3,8,,
66,2,3,46.5,,
66,2,3,47.5,,
66,2,2,45,,
66,2,3,50,,
66,2,2,45,,
66,2,2,41,,
66,2,2,41.5,,
66,2,3,41,,
66,2,4,13.5,,
66,2,3,10,,
66,2,3,27,,
67,2,4,8.5,,
67,2,3,10.5,,
67,2,4,14.5,,
67,2,4,7.5,,
67,2,4,45,,
67,2,5,20,,
67,2,4,10,,
67,2,3,38.5,,
67,2,4,51.5,,
67,2,4,26.5,,
67,2,2,38,,
67,2,4,31.5,,
67,2,3,49,,
67,2,4,23,,
67,2,3,23.5,,
67,2,3,57.5,,
67,2,4,21,,
67,2,3,76.5,,
67,2,3,43,,
67,2,4,26,,
67,2,4,22.5,,
67,2,3,24.5,,
67,2,4,25,,
67,2,4,19.5,,
67,2,4,40,,
67,2,2,11.5,,
67,2,4,24,,
67,2,4,35.5,,
67,2,3,70.5,,
67,2,4,17,,
67,2,3,58,,
67,2,4,30.5,,
67,2,3,39.5,,
67,2,4,24.5,,
67,2,4,17.5,,
67,2,4,47,,
67,2,2,11,,
67,2,4,37.5,,
67,2,4,28,,
67,2,4,33,,
67,2,3,15,,
67,2,4,9,,
67,2,4,48.5,,
67,2,4,50.5,,
68,2,3,34,,
68,2,3,20,,
68,2,3,62,,
68,2,3,30.5,,
68,2,3,27.5,,
68,2,3,64.5,,
68,2,4,39,,
68,2,4,17.5,,
68,2,3,43.5,,
68,2,4,21.5,,
68,2,4,55.5,,
68,2,4,20.5,,
68,2,3,11,,
68,2,4,36.5,,
68,2,4,70.5,,
68,2,2,18.5,,
68,2,4,10,,
68,2,4,68,,
68,2,4,16,,
68,2,4,19,,
68,1,1,7,,
68,2,2,43,,
68,2,2,15.5,,
68,2,2,14.5,,
68,2,2,8.5,,
68,2,2,16.5,,
68,2,2,7,,
68,2,2,7.5,,
68,2,5,23,,
68,2,4,20.5,,
68,2,4,74,,
68,2,4,10.5,,
68,2,4,9,,
68,2,4,11,,
68,2,4,16.5,,
68,1,3,7.5,,
68,2,3,42,,
68,2,3,41,,
68,2,3,38,,
68,1,2,21,,
68,2,4,15.5,,
68,2,3,57.5,,
68,2,4,10,,
68,2,3,12.5,,
68,2,3,10.5,,
68,2,3,39,,
68,2,4,18.5,,
68,2,4,57.5,,
68,2,4,9.5,,
68,2,3,14,,
68,2,3,57.5,,
68,1,2,7,,
68,2,3,73,,
68,2,4,33,,
68,2,3,20.5,,
68,2,4,89,,
68,2,3,15,,
68,2,3,16.5,,
68,2,4,50.5,,
68,2,4,14,,
68,2,3,80,,
68,2,3,25,,
68,2,3,33,,
68,2,3,17,,
68,2,3,28.5,,
68,2,3,52.5,,
68,2,3,39.5,,
68,2,4,16,,
68,2,2,79.5,,
68,2,3,48.5,,
69,2,4,42.5,,
69,2,4,26,,
69,2,4,62,,
69,2,4,18,,
69,2,3,46,,
69,NA,NA,NA,,
69,2,4,73,,
69,2,4,50,,
69,2,4,40.5,,
69,NA,3,NA,,
69,2,2,71,,
69,NA,NA,NA,,
69,2,2,58,,
69,2,4,23,,
69,2,4,44,,
69,2,4,35,,
69,2,4,51,,
69,2,4,41,,
69,2,5,7.5,,
69,2,4,8,,
69,2,4,70,,
69,2,4,50,,
69,2,4,48,,
69,2,4,18,,
69,2,3,59,,
69,2,4,51,,
69,2,4,34,,
69,2,4,45,,
71,2,3,36,,
71,2,2,11.5,,
71,2,4,38.5,,
71,2,4,36,,
71,2,4,14,,
71,2,1,17,,
71,2,3,40.5,,
71,2,4,42.5,,
71,2,1,10,,
71,2,2,32.5,,
71,2,1,23,,
71,2,1,44.5,,
71,NA,5,92114,,
71,2,5,14,,
71,2,4,35.5,,
71,2,2,44,,
71,2,4,22.5,,
71,2,2,42.5,,
71,2,2,34,,
71,2,4,14.5,,
71,2,4,26.5,,
71,2,4,35,,
71,NA,NA,NA,,
71,2,3,27.5,,
71,2,2,28,,
71,2,2,21,,
71,2,4,22,,
71,2,4,31.5,,
72,2,4,25,,
72,1,1,11.5,,
72,1,1,17.5,,
72,2,4,20,,
72,2,4,23,,
72,2,4,27.5,,
72,2,4,37,,
72,2,2,7,,
72,2,2,7.5,,
72,2,2,9,,
72,1,1,21,,
72,2,1,7,,
72,2,4,32,,
72,2,3,11,,
72,2,2,14.5,,
72,2,1,16.5,,
72,2,4,22,,
72,2,4,41,,
72,2,2,17.5,,
72,2,1,74,,
72,2,3,43,,
72,2,1,55,,
72,2,1,15.2,,
72,2,1,68,,
72,2,4,32,,
72,2,2,8.5,,
72,2,1,21,,
72,1,2,9,,
72,2,2,102,,
72,2,2,65.5,,
72,2,3,83,,
72,2,3,68,,
72,2,3,10.5,,
72,2,3,74,,
72,2,4,42,,
72,2,4,34.5,,
72,2,3,82,,
72,2,3,51.5,,
72,2,4,44,,
73,2,4,39,,
73,2,5,28,,
73,1,4,12,,
73,2,5,22,,
73,2,5,35,,
73,2,4,54.5,,
73,2,4,65,,
73,NA,NA,NA,,
73,1,4,33,,
73,2,5,79,,
73,2,4,13,,
73,2,3,46,,
73,2,4,48,,
73,2,3,46.5,,
73,2,4,51,,
73,2,3,7,,
73,2,5,44,,
73,2,5,65.5,,
73,2,4,48,,
73,2,4,71.5,,
73,2,3,77.5,,
73,2,3,70,,
73,2,3,8,,
73,NA,4,82.5,,
73,2,4,12.5,,
75,1,2,14,,
75,1,2,10,,
75,1,2,36.5,,
75,1,2,9,,
75,1,4,45.5,,
75,2,3,40,,
75,1,2,11,,
75,1,2,8.5,,
75,1,2,8,,
75,2,3,71,,
75,2,2,9,,
75,1,3,31,,
75,2,4,59,,
75,2,2,13,,
75,2,3,47,,
75,1,2,9.5,,
75,1,2,44.5,,
75,2,4,48,,
75,2,4,55,,
75,2,2,11,,
75,1,2,7,,
75,2,4,28,,
75,2,4,23.5,,
75,2,4,43.5,,
75,2,2,8.5,,
75,2,2,11,,
75,2,2,13.5,,
75,2,2,7,,
75,2,4,60,,
75,2,5,21,,
75,2,4,75.5,,
75,2,4,40,,
75,2,2,12.5,,
75,2,4,9.5,,
75,2,3,7,,
75,2,3,9.5,,
75,2,2,7.5,,
75,2,3,13.5,,
75,2,4,10,,
75,2,2,8,,
75,2,2,10.5,,
75,2,2,15.5,,
75,2,4,55.5,,
75,2,3,8,,
75,2,3,10,,
75,2,3,9.5,,
75,2,3,68,,
75,2,3,65.5,,
75,2,3,8.5,,
75,2,3,7,,
75,2,3,52,,
75,2,4,50.5,,
75,NA,NA,NA,,
75,2,3,70,,
75,2,4,24.5,,
75,2,4,25,,
75,2,4,40.5,,
75,2,4,34,,
75,2,3,59.5,,
75,2,3,27,,
75,1,2,14,,
75,2,3,53,,
75,2,3,49,,
75,2,3,10,,
75,2,2,90.5,,
75,2,3,29.5,,
75,2,4,31.5,,
75,2,5,21,,
75,2,4,52.5,,
75,2,4,51.5,,
75,2,4,50.5,,
75,2,3,75,,
75,2,3,66,,
75,2,4,14,,
75,1,3,7,,
75,1,3,7.5,,
75,1,4,7,,
75,2,3,10,,
76,2,3,52.5,,
76,1,3,10,,
76,2,3,51.5,,
76,2,3,11,,
76,1,3,27,,
76,1,3,13.5,,
76,2,3,42.5,,
76,1,3,11.5,,
76,1,4,19,,
76,2,3,31,,
76,2,3,41,,
76,2,3,62.5,,
76,2,3,16.5,,
76,2,3,13.5,,
76,2,3,12,,
76,2,4,12.5,,
76,2,4,9.5,,
76,2,4,15.5,,
76,1,3,7,,
76,1,4,8,,
76,2,3,79,,
76,1,3,10,,
76,2,3,55.5,,
76,1,3,10,,
76,1,3,46,,
76,1,3,11.5,,
76,1,3,45.5,,
76,1,3,9,,
76,1,4,20,,
76,2,3,26,,
76,2,3,30,,
76,2,3,9,,
76,2,3,19,,
76,1,1,13,,
76,2,3,74.5,,
76,2,2,45.5,,
76,1,3,24,,
76,1,3,10.5,,
76,2,3,10,,
76,2,3,10,,
76,1,3,30,,
76,NA,NA,NA,,
76,2,4,25,,
76,2,5,32.5,,
76,1,5,37.5,,
76,1,1,45,,
76,1,1,49,,
76,1,3,15.5,,
76,2,4,33,,
76,1,3,8,,
76,2,4,33,,
76,1,3,8,,
76,1,3,7.5,,
76,1,1,20,,
76,1,1,7,,
76,1,1,9,,
76,1,1,19.5,,
76,1,1,12.5,,
77,2,2,11,,
77,2,2,44,,
77,2,3,8.5,,
77,2,1,19.5,,
77,2,3,22,,
77,2,4,31,,
77,2,2,13.5,,
77,2,2,9,,
77,2,4,15.5,,
77,2,2,45,,
77,2,2,15,,
77,2,4,23,,
77,2,3,24,,
77,1,3,9.5,,
77,1,3,9.5,,
77,2,4,9.5,,
77,2,3,21.5,,
77,2,3,19.5,,
77,2,4,21.5,,
77,2,2,31,,
77,2,3,10,,
77,2,4,26.5,,
77,2,3,16.5,,
77,2,2,20,,
77,2,3,30.5,,
77,2,2,8.5,,
77,2,2,25.5,,
77,2,3,9.5,,
77,2,3,10.5,,
77,2,4,24,,
77,2,4,24.2,,
77,2,2,8.5,,
77,2,3,8,,
77,2,2,23,,
77,2,3,15,,
77,2,4,11,,
77,2,3,12,,
77,2,2,39.5,,
77,2,3,10.5,,
77,2,3,9.5,,
77,2,3,41,,
77,2,2,12.5,,
77,2,2,9,,
77,2,3,11.5,,
77,2,4,12,,
77,2,2,21,,
77,2,4,17,,
77,2,3,9,,
77,2,5,15,,
77,2,2,8.5,,
77,2,3,26,,
77,2,4,16,,
77,2,3,24,,
77,2,1,9,,
77,2,1,8.5,,
77,2,2,26,,
77,2,3,16.5,,
78,2,3,57,,
78,2,4,58,,
78,1,1,11.5,,
78,2,5,22,,
78,2,4,23.5,,
78,2,4,50,,
78,2,5,77,,
78,NA,NA,NA,,
78,2,3,24,,
78,2,3,14,,
78,1,5,68,,
78,2,2,18.5,,
78,1,4,41.5,,
78,2,5,71,,
78,NA,NA,NA,,
79,2,3,14,,
79,2,3,16,,
79,2,4,68.5,,
79,2,5,14.5,,
79,2,5,12,,
79,2,4,34.5,,
79,2,4,10,,
79,2,3,31,,
79,2,3,8.5,,
79,2,4,7,,
79,2,3,10.5,,
79,2,3,9.5,,
79,2,4,10,,
79,2,3,63,,
79,2,4,48,,
79,NA,NA,NA,,
79,2,2,9.5,,
79,2,3,58.5,,
79,2,3,16,,
79,2,5,15,,
79,1,3,11,,
79,1,3,15.5,,
79,1,3,15,,
79,2,3,10,,
79,2,3,67.5,,
79,2,2,8,,
79,2,2,18,,
79,2,4,43,,
79,2,4,37,,
79,2,3,44,,
79,2,3,10,,
79,2,4,12,,
79,NA,NA,NA,,
79,2,4,77,,
79,NA,NA,NA,,
83,2,2,22,,
83,2,1,79,,
83,2,4,20,,
83,2,4,27,,
83,2,3,44,,
83,2,3,31,,
83,2,2,46,,
83,2,2,42,,
83,2,4,9,,
83,2,3,37,,
83,NA,3,39,,
83,2,4,43,,
83,2,4,34,,
83,2,3,23,,
83,2,4,12,,
83,2,4,16,,
83,2,3,8.5,,
83,2,4,28,,
83,1,2,21,,
83,1,2,20.5,,
83,2,4,24.5,,
83,2,4,47,,
83,2,3,30,,
83,1,3,8.5,,
83,2,4,68,,
83,2,3,48,,
83,2,3,49,,
83,2,4,34.5,,
83,2,3,35.5,,
83,2,3,9.5,,
83,2,4,27.5,,
83,1,2,10,,
83,2,4,29,,
83,2,3,21.5,,
83,1,2,9,,
83,1,2,11,,
83,2,3,53,,
83,2,4,60.5,,
83,2,3,25,,
83,2,4,20.5,,
83,2,4,38,,
83,1,1,25.5,,
83,1,1,40,,
83,2,3,56,,
83,2,1,82,,
83,2,3,48.5,,
84,2,4,15,,
84,2,2,27,,
84,2,5,31,,
84,2,1,74,,
84,2,1,7.5,,
84,2,3,82,,
84,2,3,21.5,,
84,2,3,14,,
84,2,3,9,,
84,2,3,11,,
84,2,2,19.5,,
84,2,2,21,,
84,2,2,9.5,,
84,2,3,11.5,,
84,2,2,8,,
84,2,2,12,,
84,2,3,10.5,,
84,2,3,11,,
84,2,5,21,,
84,2,1,8,,
84,2,4,25,,
84,2,4,23,,
84,2,1,21,,
84,2,1,17.5,,
84,2,4,21,,
84,2,4,88,,
84,2,4,54.5,,
84,2,2,73,,
84,2,3,22,,
84,2,4,75,,
84,NA,1,83.5,,
84,2,4,77,,
84,2,3,85,,
84,2,2,21.5,,
84,2,1,35,,
84,2,2,45.5,,
84,2,4,48.5,,
84,2,3,18.5,,
84,2,1,51,,
84,2,4,23,,
84,2,4,34.5,,
84,2,5,25,,
84,2,4,21.5,,
84,2,4,28.5,,
85,2,4,22.5,,
85,2,3,39.5,,
85,2,2,23,,
85,2,3,38.5,,
85,2,5,18,,
85,2,4,31.5,,
85,2,3,11,,
85,2,4,47.5,,
85,2,2,28.5,,
85,2,2,24,,
85,2,2,16,,
85,2,4,29.5,,
85,2,3,42.5,,
85,2,2,7.5,,
85,2,2,11.5,,
85,2,2,25,,
85,2,4,14.5,,
85,2,2,8,,
85,2,2,10,,
85,2,2,17.5,,
85,2,2,19,,
85,2,3,13.5,,
85,2,2,34,,
85,2,4,28,,
85,2,3,15.5,,
85,2,3,13.5,,
85,2,5,17,,
85,2,5,37.5,,
85,2,3,10,,
85,2,2,13.5,,
85,2,2,10,,
85,2,2,56.5,,
85,2,3,46,,
85,2,4,32.5,,
85,2,5,24,,
85,2,2,53.5,,
85,2,3,9.5,,
85,2,2,62,,
85,2,3,14,,
85,2,3,9,,
85,2,3,12,,
85,2,5,11.5,,
85,2,4,7.5,,
85,2,4,10.5,,
85,2,3,44.5,,
85,2,2,28,,
85,2,4,16.5,,
85,2,4,22,,
85,2,2,9,,
85,2,2,15.5,,
85,2,4,26,,
85,2,2,7.5,,
85,2,2,37,,
85,2,3,8,,
85,2,4,22.5,,
85,2,3,24,,
85,2,2,21.5,,
85,2,2,32,,
85,2,5,2.2,,
85,2,5,11,,
85,2,2,26,,
85,2,5,17,,
85,2,2,7,,
85,2,3,13.5,,
85,2,2,30.5,,
85,2,2,14,,
85,2,3,42.5,,
85,2,3,36.5,,
85,2,3,28.5,,
85,2,4,55,,
85,2,3,24.5,,
85,2,2,7,,
85,2,4,42,,
85,2,4,43,,
85,2,4,42.5,,
85,NA,NA,NA,,
86,1,3,45,,
86,2,4,48.5,,
86,2,1,9.5,,
86,2,4,50,,
86,2,4,19,,
86,2,3,38.5,,
86,1,1,7.5,,
86,2,1,65,,
86,2,4,41,,
86,2,4,14.5,,
86,2,3,14,,
86,2,5,25,,
86,2,4,27.5,,
86,2,1,51,,
86,2,1,43,,
86,2,4,42,,
86,2,4,48,,
86,2,1,8.5,,
86,2,4,15,,
86,2,2,12,,
86,2,2,10.5,,
86,2,3,9,,
86,2,3,12,,
86,2,3,29,,
86,2,1,42,,
86,2,4,8.5,,
86,2,5,24.5,,
86,2,2,16,,
86,2,2,14.5,,
86,2,3,17,,
86,2,4,31,,
86,2,3,12,,
86,2,4,51,,
86,2,4,26,,
86,2,4,31,,
86,2,2,53.5,,
86,2,5,13,,
86,2,3,32,,
86,2,3,9.5,,
86,2,1,52.5,,
86,2,3,35,,
86,2,2,18,,
86,2,4,12.5,,
87,2,3,22.5,,
87,2,3,31.5,,
87,2,3,38,,
87,2,4,11.5,,
87,2,4,21,,
87,2,4,49.5,,
87,2,4,45,,
87,2,4,10.5,,
87,2,3,7,,
87,2,4,27,,
87,2,4,12,,
87,2,3,60,,
87,1,2,12,,
87,2,4,16,,
87,2,4,39,,
87,2,3,22.5,,
87,2,3,41,,
87,2,4,34,,
87,2,3,23,,
87,2,3,24.5,,
87,2,3,54,,
87,2,3,52,,
87,2,4,12,,
87,2,3,38.5,,
87,2,3,31.5,,
87,2,3,43,,
87,2,2,18,,
87,2,3,24,,
87,2,4,38,,
87,2,5,43,,
87,2,3,32,,
87,2,4,48.5,,
87,2,3,17.5,,
87,2,2,22.5,,
87,2,3,18.5,,
87,2,4,53,,
87,1,2,14.5,,
87,2,3,45,,
87,2,3,63,,
87,2,3,38.5,,
87,2,4,31,,
87,2,3,31.5,,
87,2,5,39.5,,
87,2,3,35,,
87,2,4,16,,
87,2,4,17,,
87,2,3,41,,
87,2,4,38,,
87,2,4,10.5,,
87,2,3,18,,
87,2,4,10,,
87,2,3,21.5,,
87,2,2,31,,
87,2,4,10,,
87,2,3,50,,
87,2,3,37.5,,
87,1,3,8.5,,
87,2,3,7,,
87,1,2,14,,
87,2,3,55,,
87,1,2,13.5,,
87,2,3,28.5,,
87,2,3,15,,
87,2,3,53.5,,
87,1,4,7.5,,
87,2,4,26.5,,
87,2,3,44.5,,
87,2,4,23,,
87,2,3,48.5,,
87,NA,NA,NA,,
89,2,3,11,,
89,2,3,53.5,,
89,2,4,41,,
89,2,3,75,,
89,2,4,8.5,,
89,2,3,60,,
89,2,3,63,,
89,2,3,48,,
89,2,3,8,,
89,2,3,75,,
89,2,5,37.5,,
89,2,3,58,,
89,2,3,63,,
89,2,3,80.5,,
89,2,3,64.5,,
89,2,4,11.5,,
89,2,4,51.5,,
89,2,4,50,,
89,2,5,38.5,,
89,2,3,35,,
89,2,3,55.5,,
89,2,5,38,,
89,2,2,37,,
89,2,3,71,,
89,2,4,53.5,,
89,2,4,24.5,,
91,2,3,46,,
91,1,3,11,,
91,1,2,10.5,,
91,1,5,7,,
91,1,2,12,,
91,2,2,106,,
91,1,5,30,,
91,1,2,11,,
91,1,2,9,,
91,2,2,62,,
91,2,2,7,,
91,2,3,7,,
91,1,3,13.5,,
91,1,3,7,,
91,2,4,38,,
91,1,3,11,,
91,2,4,30,,
91,1,3,25,,
91,2,3,65,,
91,2,3,7,,
91,1,2,22.5,,
91,2,3,41,,
91,2,2,72,,
91,1,3,8.5,,
91,2,3,18,,
91,2,3,45,,
91,2,3,17,,
91,2,4,25,,
91,2,2,89,,
91,2,4,16,,
91,2,3,9,,
91,2,5,30,,
91,2,4,30.5,,
91,2,4,66,,
91,2,4,67,,
91,1,2,8.5,,
91,2,2,8.5,,
91,NA,NA,NA,,
91,2,2,23,,
91,2,2,77,,
91,2,3,71,,
91,2,2,24,,
91,2,4,35,,
91,2,2,17,,
91,1,2,9,,
91,2,2,29,,
91,2,5,40,,
91,2,4,83,,
91,NA,NA,NA,,
91,2,2,7,,
91,1,2,9,,
91,1,3,10,,
91,1,2,7,,
91,2,4,41,,
91,2,2,51,,
91,1,NA,NA,,
93,2,4,26,,
93,1,3,22.5,,
93,2,4,14,,
93,2,5,12,,
93,1,4,21,,
93,2,4,21.5,,
93,2,2,21,,
93,2,2,7.5,,
93,1,2,8,,
93,1,2,13,,
93,2,2,51.5,,
93,2,2,15,,
93,1,3,24,,
93,1,3,7,,
93,2,4,17,,
93,1,3,40,,
93,1,2,17,,
93,1,2,12,,
93,2,3,49,,
93,1,4,17,,
93,1,3,12,,
93,1,3,12,,
93,2,3,71,,
93,1,3,22.5,,
93,1,2,9,,
93,2,4,14,,
93,1,2,11,,
93,1,2,7.5,,
93,2,2,13,,
93,2,2,38.5,,
93,1,2,35,,
93,1,2,9,,
93,1,2,8.5,,
93,1,2,35,,
93,1,4,12,,
93,1,2,14,,
93,2,2,23,,
93,1,2,29.5,,
93,1,2,8,,
93,2,5,22,,
93,1,3,47.5,,
93,1,3,37,,
93,1,3,27.5,,
93,1,3,13.2,,
93,1,3,21,,
93,2,2,36.5,,
93,2,3,49,,
93,1,2,7.5,,
93,1,2,10,,
93,1,2,20,,
93,1,2,19,,
93,1,2,16,,
93,2,3,15,,
93,2,3,16,,
93,2,2,7.5,,
93,1,2,13,,
93,2,2,22.5,,
93,2,3,7,,
93,2,3,45,,
93,2,3,10,,
94,2,4,38,,
94,2,5,44.5,,
94,2,3,72,,
94,2,2,7,,
94,2,2,8.5,,
94,2,4,49.5,,
94,2,4,48.5,,
94,2,4,41,,
94,2,5,25.5,,
94,2,4,7.5,,
94,2,4,24,,
94,2,2,7,,
94,2,2,66.5,,
94,2,4,15,,
94,2,4,51,,
94,2,2,9,,
94,2,4,35,,
94,2,4,9.5,,
94,2,2,9.5,,
94,2,2,8,,
94,2,3,48,,
94,2,4,20,,
94,1,1,7,,
94,1,1,11.5,,
94,1,1,11,,
94,1,1,7,,
94,2,3,42.5,,
94,2,1,7.5,,
94,2,2,10.5,,
94,2,3,55.5,,
94,2,4,11.5,,
94,2,3,54,,
94,2,5,23.5,,
94,2,3,16,,
94,2,1,7.5,,
94,2,4,50,,
94,2,2,9,,
94,2,3,27,,
94,2,4,32,,
94,2,4,14.5,,
94,1,4,7,,
94,2,3,49.5,,
94,2,4,25.5,,
94,2,3,11,,
94,2,3,25.5,,
94,1,2,25,,
94,1,2,10,,
94,2,3,56,,
94,1,1,8.5,,
94,1,1,7,,
94,1,1,9.5,,
94,2,1,8,,
94,2,1,9.5,,
94,2,4,35,,
94,1,1,13,,
94,2,1,7,,
94,2,4,34,,
94,2,1,13.5,,
94,2,1,12,,
94,2,1,9,,
94,2,5,79,,
94,2,4,7,,
94,2,4,10,,
94,2,5,10.5,,
94,2,3,8,,
94,2,3,21,,
94,2,2,7,,
94,2,3,18.5,,
94,2,4,21.5,,
94,1,1,7,,
94,2,4,8,,
94,1,1,11.5,,
94,1,1,7.5,,
94,1,2,18,,
94,1,3,23.5,,
94,2,3,50,,
94,2,4,47.5,,
94,2,5,20.5,,
94,2,4,39.5,,
94,2,4,9,,
94,2,4,12.5,,
94,1,1,10,,
94,2,4,29,,
94,2,5,22.5,,
94,2,5,19,,
94,2,4,46.5,,
94,2,3,8.5,,
94,2,4,55,,
94,2,4,46.5,,
94,2,2,8,,
94,2,2,8,,
94,2,4,30.5,,
94,2,5,20.5,,
94,2,3,17,,
94,2,4,41,,
94,2,5,33,,
94,1,2,7.5,,
94,2,4,44,,
94,2,4,37,,
94,2,4,14,,
94,2,4,41.5,,
94,2,3,53,,
94,2,4,15,,
94,2,4,17,,
94,2,3,65,,
94,2,3,56.5,,
94,2,4,25,,
94,2,4,49.5,,
94,NA,NA,NA,,
96,2,3,22,,
96,2,3,47,,
96,2,1,42.5,,
96,2,4,15,,
96,2,3,71,,
96,2,2,33,,
96,2,2,61,,
96,2,4,30,,
96,2,4,56,,
96,1,4,25,,
96,2,4,36,,
96,2,3,7.5,,
96,2,3,8,,
96,2,4,8.5,,
96,1,3,7.5,,
96,1,3,12,,
96,NA,NA,NA,,
96,2,3,23.5,,
96,2,4,44,,
96,1,3,8,,
96,2,5,21,,
96,1,4,32,,
96,2,4,24,,
96,1,4,42,,
96,1,4,22,,
96,1,4,28,,
96,1,4,32,,
96,1,3,48,,
96,2,3,27.5,,
96,2,4,26,,
98,2,4,43,,
98,2,3,10,,
98,2,4,9,,
98,2,4,32,,
98,2,4,18,,
98,2,4,30,,
98,2,4,11,,
98,2,3,13,,
98,2,5,14.5,,
98,2,1,58,,
98,2,2,69,,
98,2,2,31,,
98,2,4,11,,
98,2,2,66,,
98,2,3,13,,
98,2,4,34,,
98,2,2,55,,
98,2,2,8,,
98,2,4,17,,
98,2,4,20,,
98,1,2,12.5,,
98,2,2,11,,
98,2,4,23,,
98,2,4,38,,
101,2,4,46,,
101,2,4,31,,
101,2,3,26.5,,
101,2,3,30,,
101,2,4,77,,
101,2,3,11,,
101,2,1,11.5,,
101,2,4,52,,
101,2,3,80.5,,
101,NA,NA,NA,,
101,2,3,32,,
101,2,3,44,,
101,2,3,75.5,,
101,2,3,28.5,,
101,NA,3,32,,
101,2,4,28.5,,
101,2,4,23,,
101,2,2,64.5,,
101,2,3,28.5,,
101,2,2,42,,
101,2,2,50.5,,
101,2,5,21,,
101,2,4,9.5,,
101,2,4,11.5,,
101,2,3,12,,
101,2,3,8.5,,
101,2,5,16,,
101,2,3,11,,
101,2,2,49.5,,
101,2,3,35.5,,
101,2,3,50.5,,
101,2,3,13.5,,
101,2,3,23.5,,
101,2,3,33,,
101,2,4,10.5,,
101,2,3,49,,
101,2,3,19,,
101,2,3,31.5,,
101,2,3,40.5,,
101,2,3,24.5,,
101,2,3,12.5,,
101,2,3,12,,
101,2,4,10.5,,
101,2,4,18,,
101,2,4,43,,
101,2,4,41.5,,
101,2,3,12,,
101,1,2,8.5,,
101,1,2,8.5,,
102,2,3,42.5,,
102,2,4,7.5,,
102,2,5,31,,
102,2,4,36,,
102,2,3,35.5,,
102,2,4,27,,
102,2,4,34,,
102,2,3,24,,
102,2,3,63,,
102,2,3,24,,
102,2,3,30.5,,
102,2,3,57.5,,
102,2,3,11,,
102,2,3,21.5,,
102,2,3,44,,
102,2,5,60,,
102,2,5,26.5,,
102,2,3,35,,
102,2,4,23.5,,
102,2,3,7,,
102,2,3,11.5,,
102,2,3,12,,
102,2,3,14,,
102,2,3,11,,
102,2,3,57,,
102,2,3,61,,
102,2,4,41,,
102,2,3,42,,
102,2,2,28.5,,
102,2,4,36.5,,
102,2,5,24,,
102,2,3,30,,
102,2,4,28,,
102,2,3,33,,
102,2,2,28,,
102,2,4,30.5,,
102,2,3,31,,
102,2,4,24,,
102,2,4,10,,
102,2,2,11,,
102,2,2,8,,
102,2,3,36,,
102,2,4,9.5,,
102,2,4,56,,
102,2,3,20.5,,
102,2,5,26,,
102,2,5,38.5,,
102,2,3,35,,
102,2,4,11.5,,
102,2,3,26,,
102,2,4,20,,
102,2,3,26.5,,
102,2,4,11.5,,
102,2,4,22.5,,
102,2,3,8,,
102,2,4,24.5,,
103,2,3,20.5,,
103,2,2,54,,
103,2,3,29,,
103,2,3,38,,
103,2,4,17,,
103,2,3,27,,
103,2,4,27,,
103,2,3,40,,
103,2,3,44,,
103,2,3,16.5,,
103,2,2,14,,
103,2,4,23,,
103,2,3,15.5,,
103,2,4,23.5,,
103,2,4,45.5,,
103,2,2,7.5,,
103,2,4,14,,
103,2,4,12.5,,
103,2,4,9,,
103,2,4,19.5,,
103,2,4,16.5,,
103,2,4,9.5,,
103,2,3,19.5,,
103,2,1,24,,
103,2,3,14.5,,
103,2,2,9,,
103,2,4,10.5,,
103,2,4,10.5,,
103,2,4,21.5,,
103,2,4,24,,
103,2,2,8,,
103,2,4,17,,
103,2,2,10,,
103,2,3,7.5,,
103,2,4,35.5,,
103,2,4,23.5,,
103,2,4,19,,
103,2,4,14,,
103,2,4,15,,
103,2,3,12,,
103,2,4,30.5,,
103,2,4,17,,
103,2,4,10.5,,
103,2,4,35,,
103,2,4,20.5,,
103,2,2,7,,
103,2,4,26.5,,
103,2,4,8.5,,
103,2,4,17.5,,
103,2,3,14,,
103,2,4,17,,
103,2,4,20,,
103,2,3,48.5,,
103,2,4,13.5,,
103,2,3,12,,
103,2,3,12.5,,
103,2,4,20.5,,
103,2,4,12,,
103,2,2,11,,
103,2,4,46,,
103,2,3,37,,
103,2,4,28.5,,
103,2,4,26,,
104,2,3,74,,
104,2,3,60.5,,
104,1,3,15,,
104,1,3,12.5,,
104,1,3,11,,
104,2,3,42,,
104,2,3,14.5,,
104,2,3,12,,
104,2,3,11,,
104,2,2,10,,
104,1,4,10.5,,
104,1,3,21,,
104,1,3,24,,
104,1,3,34,,
104,1,3,28,,
104,2,4,42,,
104,2,4,25.5,,
104,1,3,12.5,,
104,1,3,7,,
104,2,3,10,,
104,2,3,9,,
104,2,3,7,,
104,2,3,9.5,,
104,1,3,30,,
104,1,3,10,,
104,2,3,18,,
104,2,3,7.5,,
104,2,3,12,,
104,2,3,13,,
104,2,3,34,,
104,1,3,11,,
104,2,3,83,,
104,2,3,32,,
104,1,3,10.5,,
104,2,3,41,,
104,1,3,50,,
104,2,3,9,,
104,2,3,83.5,,
104,2,3,9,,
104,2,3,61,,
104,2,3,7.5,,
104,2,3,51,,
104,2,4,24,,
104,2,4,35,,
104,2,3,31,,
104,2,3,10,,
104,2,3,29,,
104,NA,NA,NA,,
105,2,1,15.5,,
105,2,2,10.5,,
105,2,3,9.5,,
105,2,3,8,,
105,2,3,9.5,,
105,2,3,28.5,,
105,2,3,10,,
105,2,3,8,,
105,2,2,9.5,,
105,2,3,54.5,,
105,1,3,10,,
105,1,3,12,,
105,1,2,11,,
105,1,2,7,,
105,2,3,39.5,,
105,2,3,8,,
105,2,3,8.5,,
105,2,4,23,,
105,2,4,23,,
105,2,2,49.5,,
105,2,3,9,,
105,2,4,17,,
105,2,3,25,,
105,2,3,8.5,,
105,2,3,17.5,,
105,2,3,8.5,,
105,2,3,7,,
105,2,4,38,,
105,2,2,11.5,,
105,2,4,27.6,,
105,2,4,31,,
105,2,4,53,,
105,2,5,14,,
105,2,3,25,,
105,2,3,27,,
105,2,4,51,,
105,2,2,8.5,,
105,2,2,25,,
105,2,2,38.5,,
105,2,4,13,,
105,2,3,48,,
105,2,3,11,,
105,2,3,35.5,,
106,NA,NA,NA,,
106,1,2,NA,,
106,1,2,26,,
106,2,4,13.5,,
106,2,4,37,,
106,2,2,47,,
106,2,4,20,,
106,2,5,31,,
106,1,3,8,,
106,2,3,18,,
106,2,5,7,,
106,1,3,34,,
106,2,3,21,,
106,2,4,35.5,,
106,2,3,16,,
106,2,1,18.5,,
106,2,2,22,,
106,2,4,21.5,,
106,2,5,16,,
106,2,5,18,,
106,2,4,9,,
106,2,5,19,,
106,1,2,52,,
106,1,2,20.5,,
106,1,2,8,,
106,1,2,13.5,,
106,1,2,18,,
106,1,2,17.5,,
106,1,2,25,,
106,1,2,77,,
106,1,2,10,,
106,1,2,8,,
106,1,2,7.5,,
106,1,2,15,,
106,1,2,49.5,,
106,1,2,17,,
106,1,2,9,,
106,1,2,11,,
106,1,4,43,,
106,1,2,9,,
106,1,2,7.5,,
106,1,2,8,,
106,1,2,10,,
106,1,2,11,,
106,1,2,19.5,,
106,1,1,20,,
106,1,2,9,,
106,1,2,9,,
106,1,2,7,,
106,1,2,56,,
106,1,2,8,,
106,1,2,8,,
106,1,2,17,,
106,1,2,12.5,,
106,1,2,40.5,,
106,1,2,19.5,,
106,1,2,26.5,,
106,1,4,27,,
106,NA,NA,NA,,
106,1,3,7.5,,
106,1,3,36,,
106,1,4,37,,
106,1,3,15,,
106,1,5,18.5,,
106,1,4,34.5,,
106,1,2,8,,
106,1,5,45,,
106,2,4,80,,
106,1,3,25,,
106,1,2,7,,
106,2,2,61,,
106,1,3,8,,
106,NA,NA,NA,,
107,2,3,45.5,,
107,2,3,33.5,,
107,2,3,29.5,,
107,2,3,16.5,,
107,2,2,38,,
107,2,4,15,,
107,2,4,13,,
107,2,4,16.5,,
107,2,4,32.5,,
107,2,2,27,,
107,2,3,9.5,,
107,2,2,20,,
107,2,2,36,,
107,2,2,24,,
107,2,2,8,,
107,2,2,32,,
107,1,3,11.5,,
107,2,2,22,,
107,2,2,32,,
107,2,4,12.5,,
107,2,3,40,,
107,2,4,30,,
107,2,2,7.5,,
107,2,3,42.5,,
107,2,3,14,,
107,2,2,30,,
107,2,3,15.5,,
107,1,2,12.5,,
107,1,3,22.5,,
107,2,4,35.5,,
107,2,4,10,,
107,2,3,37,,
107,2,5,10.5,,
107,2,4,44,,
107,2,4,30.5,,
107,2,3,51.5,,
107,2,3,30,,
107,2,3,26,,
107,2,2,43,,
107,2,5,44.5,,
107,2,3,61,,
107,2,4,16.5,,
107,2,2,31,,
107,2,3,18,,
107,2,3,87,,
107,2,2,14.5,,
107,2,3,62.5,,
107,2,4,12,,
107,2,3,9,,
107,2,3,27,,
107,2,2,14.5,,
107,2,4,8,,
107,2,4,39,,
107,2,4,31,,
107,2,4,34.5,,
107,2,3,7,,
107,2,5,7,,
107,2,5,7,,
107,2,3,36,,
107,2,3,35.5,,
107,2,2,31,,
107,2,3,30,,
107,2,3,11,,
107,2,3,10.5,,
107,2,2,22.5,,
107,2,3,28,,
107,2,4,10.5,,
107,2,3,38,,
107,2,3,36.5,,
107,2,3,39,,
107,2,3,7.5,,
107,2,3,8,,
107,2,2,26.5,,
107,2,2,25,,
107,2,2,17.5,,
107,2,2,17,,
107,2,3,32.5,,
107,2,3,33,,
107,2,2,26.5,,
107,2,2,16,,
107,2,4,13.5,,
107,2,3,27.5,,
107,2,3,38,,
107,2,4,26,,
107,2,4,21,,
107,2,3,14,,
107,1,2,13,,
107,2,2,15,,
107,2,3,33,,
107,2,3,46,,
107,2,3,35.5,,
107,1,2,11,,
107,NA,NA,NA,,
108,2,5,8,,
108,2,4,9,,
108,2,2,27,,
108,2,4,10.5,,
108,1,1,11.5,,
108,1,1,11.5,,
108,1,1,8,,
108,2,2,66,,
108,1,2,7.5,,
108,1,2,15.5,,
108,1,2,8,,
108,2,5,7,,
108,2,4,24,,
108,NA,NA,NA,,
108,2,3,48,,
108,2,2,77,,
108,2,3,9,,
108,2,2,73,,
108,2,1,22,,
108,2,4,14,,
108,2,3,36,,
108,2,1,14,,
108,1,1,14,,
108,2,2,7.5,,
108,2,2,10,,
108,2,2,61,,
108,2,3,39,,
108,2,2,64,,
108,2,2,72,,
108,2,4,36.5,,
108,2,3,8,,
108,2,3,9,,
108,2,3,12.5,,
108,2,5,10.5,,
108,2,2,58,,
108,2,2,10,,
108,2,3,9,,
108,2,2,79,,
108,2,4,37,,
108,2,2,7,,
108,2,2,67.5,,
108,1,4,11.5,,
108,2,4,32,,
108,2,3,27,,
108,2,3,68,,
108,2,2,68.5,,
108,2,3,42.5,,
108,2,4,42,,
108,2,2,36.5,,
108,2,4,15.5,,
108,2,2,84,,
108,2,4,35.5,,
108,1,3,7,,
108,1,1,17.5,,
108,1,2,34,,
108,2,3,20.5,,
108,2,2,75,,
108,2,4,23,,
108,2,3,21.5,,
108,NA,NA,NA,,
109,2,3,49.5,,
109,2,2,23.5,,
109,1,1,9.5,,
109,2,1,12.5,,
109,1,1,14,,
109,1,1,18,,
109,1,1,11,,
109,1,1,7.5,,
109,2,2,11,,
109,2,1,8,,
109,2,4,38.5,,
109,2,1,13,,
109,2,1,13.5,,
109,1,1,8.5,,
109,1,2,7.5,,
109,2,3,90.5,,
109,2,4,8.5,,
109,2,3,81,,
109,2,1,7.5,,
109,2,2,11,,
109,1,1,7.5,,
109,2,4,13,,
109,1,4,41,,
109,2,2,7.5,,
109,2,2,65,,
109,NA,NA,NA,,
109,2,2,7,,
109,2,3,53,,
109,2,4,34.5,,
109,2,3,55.5,,
109,2,3,23.5,,
109,2,4,10.5,,
109,1,1,8.5,,
109,2,2,28,,
109,2,4,14.5,,
109,2,4,20,,
109,2,3,21.5,,
109,2,4,7,,
109,2,4,23.5,,
109,2,3,18.5,,
109,2,3,27.5,,
109,1,1,21,,
109,2,1,13.5,,
109,2,1,11,,
109,2,4,40,,
109,1,1,8.5,,
109,1,1,21,,
109,2,3,93,,
109,2,4,11,,
109,2,1,8.5,,
109,1,2,9,,
109,1,2,7,,
109,2,2,43.5,,
109,2,3,11,,
109,2,3,38.5,,
109,2,3,73.5,,
109,2,4,22.5,,
109,1,3,11,,
109,2,3,11,,
109,2,3,53.5,,
109,1,2,8,,
109,2,3,10,,
109,2,2,7,,
109,2,4,21.5,,
109,2,2,9.5,,
109,1,2,10.5,,
109,1,2,7,,
109,1,2,7,,
109,1,2,12,,
109,1,2,10,,
109,2,2,78.5,,
109,1,2,7,,
109,2,2,56.5,,
109,1,2,7,,
109,1,2,7.5,,
109,2,4,17,,
109,1,2,7.5,,
109,2,4,26,,
109,1,2,15.5,,
109,2,4,39.5,,
109,1,2,12.5,,
109,1,2,7,,
109,2,3,63,,
109,2,2,10.5,,
109,2,3,40.5,,
109,1,1,7.5,,
109,1,1,13.5,,
109,2,2,60,,
109,2,2,29,,
109,1,2,10.5,,
109,2,3,53,,
109,NA,NA,NA,,
110,2,4,24.5,,
110,2,4,32,,
110,2,2,9.5,,
110,2,3,36,,
110,2,4,30,,
110,2,1,13.5,,
110,2,4,25,,
110,2,1,42,,
110,2,3,9,,
110,2,2,18.5,,
110,2,2,31,,
110,2,2,16.5,,
110,2,3,23,,
110,2,3,29,,
110,2,2,34.5,,
110,2,5,18,,
110,2,2,31,,
110,2,2,34.5,,
110,2,3,24.5,,
110,2,3,28,,
110,2,2,30,,
110,2,4,22.5,,
110,2,3,34,,
110,2,3,52,,
110,2,2,21,,
110,2,2,8,,
110,2,3,12,,
110,2,3,13.8,,
110,2,4,29,,
110,2,4,13,,
110,2,4,34,,
110,2,4,55.5,,
110,2,2,60,,
110,2,3,12.5,,
110,2,3,7,,
110,2,5,22,,
110,2,3,31,,
111,2,4,14,,
111,2,3,57,,
111,2,3,37.5,,
111,2,4,29.5,,
111,2,4,19,,
111,2,3,81,,
111,2,4,41,,
111,2,5,31,,
111,2,5,10,,
111,2,4,29.05,,
111,2,3,14.5,,
111,2,4,33,,
111,2,3,16,,
111,2,5,31,,
111,2,5,14,,
111,2,2,9,,
111,2,4,25,,
111,2,5,27,,
111,2,3,14.5,,
111,NA,3,41,,
111,2,4,46,,
111,2,5,52.5,,
111,2,4,35.5,,
111,2,5,25,,
111,2,4,26,,
111,2,5,19,,
111,2,5,16,,
111,2,4,30.5,,
111,2,4,15,,
111,2,4,19.5,,
111,2,4,28.5,,
111,1,2,9,,
111,2,5,24,,
111,2,2,14,,
111,2,4,30,,
111,2,5,21,,
111,2,5,20,,
111,2,5,9,,
111,2,3,16,,
111,2,5,13,,
111,2,5,29,,
111,2,5,37,,
111,2,4,31,,
111,2,4,9,,
111,2,5,27.5,,
111,2,3,17,,
111,2,3,16,,
111,2,3,25,,
111,2,3,15,,
111,2,4,24.5,,
111,2,4,22,,
111,2,3,51,,
111,2,5,16.5,,
111,2,4,17.5,,
111,2,4,34.5,,
111,2,4,21.5,,
111,2,4,27.5,,
111,2,4,26,,
111,2,4,28.5,,
111,2,5,31,,
111,2,4,43.5,,
111,2,3,32,,
111,2,5,26,,
111,2,4,30,,
111,2,3,30.5,,
111,2,2,16,,
111,2,4,27.5,,
111,2,3,23,,
111,2,4,14,,
111,2,3,42,,
111,2,4,26,,
111,NA,NA,NA,,
111,NA,NA,NA,,
113,2,4,11.5,,
113,2,5,32,,
113,2,2,33,,
113,2,2,32,,
113,2,2,23.5,,
113,2,2,33.5,,
113,2,2,37.5,,
113,2,2,21.5,,
113,2,2,21.5,,
113,2,4,41,,
113,2,2,25.5,,
113,2,2,32,,
113,2,3,8,,
113,2,2,26,,
113,2,3,19,,
113,2,4,7.5,,
113,2,4,13,,
113,2,2,37,,
113,2,2,27.5,,
113,2,2,30,,
113,2,2,24,,
113,2,4,14,,
113,2,4,17.5,,
113,2,3,12,,
113,2,2,25,,
113,2,3,7,,
113,2,3,7,,
113,2,4,17,,
113,2,2,42,,
113,2,3,45,,
113,2,2,16.5,,
113,2,3,15,,
113,1,3,8.5,,
113,2,2,43,,
113,1,3,7.5,,
113,2,2,31.5,,
113,2,4,10,,
113,2,3,42.5,,
113,2,2,31,,
113,2,4,11,,
113,2,2,37.5,,
113,2,2,31,,
113,2,2,48.5,,
113,2,2,26,,
113,2,4,16.5,,
113,2,2,36.5,,
113,2,3,38,,
113,2,2,24,,
113,2,3,19,,
113,2,3,7,,
113,2,3,26,,
113,2,2,33,,
113,2,2,27.5,,
113,2,3,8.5,,
113,2,2,31,,
113,2,3,7,,
113,2,2,40.5,,
113,2,2,11,,
113,2,2,21,,
113,2,2,11,,
113,2,3,21,,
113,2,2,35,,
113,2,2,29,,
113,2,3,14.5,,
113,2,2,28,,
113,2,4,12,,
113,2,3,13.5,,
113,2,3,8,,
113,2,3,16,,
113,2,2,25.5,,
113,2,2,36.5,,
113,2,2,28,,
113,2,3,17.5,,
113,2,4,27.5,,
113,2,2,24,,
113,2,3,26,,
113,2,2,13.5,,
113,2,4,16.5,,
113,2,4,9,,
113,2,3,11,,
113,2,3,8,,
113,2,2,39,,
113,2,2,27,,
113,2,2,16.5,,
113,2,2,41.5,,
113,2,3,8,,
113,2,2,14,,
113,2,2,27,,
113,2,4,7.5,,
113,2,2,51.5,,
113,2,2,36,,
113,2,2,15,,
113,2,3,29,,
113,2,2,36.5,,
113,2,2,29,,
113,2,2,37.5,,
113,2,2,38.5,,
113,2,2,42,,
113,2,2,18.5,,
113,2,2,31.5,,
114,2,4,46.5,,
114,2,2,11,,
114,2,2,7.5,,
114,2,2,95,,
114,2,4,64,,
114,1,2,16,,
114,1,2,11,,
114,1,2,18,,
114,1,2,17.5,,
114,2,4,51,,
114,2,5,16,,
114,2,3,7.5,,
114,1,2,7,,
114,1,2,8.5,,
114,1,1,21,,
114,2,4,56.5,,
114,2,3,30,,
114,2,4,31,,
114,2,2,63.5,,
114,2,2,13,,
114,2,3,43.5,,
114,2,4,12,,
114,2,2,25.5,,
114,2,4,26,,
114,2,2,43,,
114,2,2,60.5,,
114,2,2,30,,
114,2,2,23,,
114,2,2,13,,
117,2,4,60,,
117,2,4,16,,
117,2,4,48,,
117,2,2,41.5,,
117,2,4,16.5,,
117,2,4,17.5,,
117,2,2,8,,
117,2,3,13,,
117,2,3,24.5,,
117,2,4,10,,
117,2,4,9.5,,
117,2,4,9,,
117,2,3,22,,
117,2,4,41,,
117,2,4,55.5,,
117,2,2,16,,
117,2,4,21.5,,
117,2,3,24,,
117,2,4,8.5,,
117,2,4,14.5,,
117,2,4,72,,
117,2,3,20,,
117,2,3,20.5,,
117,2,4,38.5,,
117,2,2,46.5,,
117,2,2,15.5,,
117,2,4,48,,
117,2,2,26.5,,
117,2,4,7.5,,
117,2,4,8.5,,
117,2,4,10,,
117,2,3,8,,
117,2,3,7,,
117,2,3,8,,
117,2,3,7,,
117,2,4,32.5,,
117,2,5,16.5,,
117,2,4,26,,
117,2,4,8,,
117,2,4,8,,
117,2,3,7.5,,
117,2,3,10.5,,
117,2,4,8,,
117,2,4,19,,
117,2,3,22.5,,
117,2,4,9.5,,
117,2,4,38.5,,
117,2,4,18,,
117,2,4,44,,
117,2,3,7,,
117,2,3,23,,
117,2,3,23,,
117,2,3,14,,
117,2,4,15,,
117,2,3,12.5,,
117,2,3,9.5,,
117,2,4,10,,
117,2,3,28,,
117,2,2,21.5,,
117,2,2,30.5,,
117,2,5,13,,
117,2,3,26.5,,
117,2,4,8.5,,
117,2,4,18,,
117,2,4,14,,
117,2,2,40.5,,
117,2,4,23.5,,
117,2,2,48.5,,
117,2,4,21.5,,
117,2,4,40,,
117,2,4,22,,
117,2,4,46,,
117,2,4,33.5,,
117,1,2,12.5,,
117,2,4,17.5,,
117,2,4,69,,
117,2,3,29.5,,
117,2,4,15,,
117,2,3,36.5,,
117,2,4,15,,
117,2,5,17,,
117,2,4,24,,
117,2,3,17,,
117,2,3,16.5,,
117,2,3,12,,
117,2,4,7.5,,
117,2,3,9,,
117,2,3,34.5,,
117,2,4,50,,
117,2,5,10,,
117,2,4,23,,
117,2,3,35,,
117,2,4,18.5,,
117,2,2,64.5,,
117,2,5,16.5,,
117,2,4,20,,
117,2,4,7.5,,
117,2,4,8.5,,
117,2,4,51,,
117,2,4,29.5,,
117,2,3,7.5,,
117,2,3,50.5,,
117,2,2,8,,
117,2,2,63,,
117,2,3,57,,
117,2,3,25.5,,
117,2,3,16,,
117,2,4,21.5,,
117,2,3,41,,
117,2,4,18.5,,
117,2,3,13.5,,
117,2,4,11.5,,
117,2,3,43,,
117,2,2,9,,
117,2,4,13.5,,
117,2,4,43,,
117,2,5,16.5,,
117,2,4,10,,
117,2,3,31,,
117,2,3,49,,
117,1,2,7,,
117,2,3,21,,
117,1,2,7,,
117,NA,NA,NA,,
118,1,2,42,,
118,2,4,25.5,,
118,2,2,43.5,,
118,1,3,25,,
118,1,3,28,,
118,2,3,54.5,,
118,2,1,20,,
118,2,5,12,,
118,1,3,9.5,,
118,1,3,10,,
118,2,3,10,,
118,2,4,44,,
118,1,2,10.5,,
118,2,4,21,,
118,1,3,11,,
118,1,3,14.5,,
118,2,4,14,,
118,1,4,18,,
118,2,3,55,,
118,2,3,48,,
118,2,3,10.5,,
118,2,3,11,,
118,2,4,27,,
118,2,4,41,,
118,2,3,45,,
118,1,1,9.5,,
118,2,4,22.5,,
118,2,4,11,,
118,2,4,27,,
118,2,4,15,,
118,1,3,11,,
119,2,3,80,,
119,2,1,40,,
119,2,4,13,,
119,2,3,21,,
119,2,3,11,,
119,2,3,85,,
119,2,4,38,,
119,2,4,33,,
119,2,4,33,,
119,2,3,11,,
119,2,4,57,,
119,2,4,26,,
119,2,3,7,,
119,2,3,11,,
119,2,3,17,,
119,2,4,21,,
119,NA,NA,NA,,
119,2,3,8,,
119,NA,NA,NA,,
119,2,4,35,,
119,1,3,48,,
119,1,3,36,,
119,1,3,7,,
119,2,2,8,,
119,2,3,21,,
119,2,3,59,,
119,2,3,7,,
119,2,4,38,,
119,2,3,21,,
119,2,4,16,,
119,2,5,11,,
119,2,3,26,,
119,2,3,42,,
119,1,3,49,,
119,2,3,26,,
119,2,1,70,,
119,2,3,51,,
119,2,4,70,,
119,2,4,20,,
119,2,4,10,,
119,2,1,74,,
119,2,3,9,,
119,NA,NA,NA,,
119,NA,NA,NA,,
121,1,4,8,,
121,1,4,12.5,,
121,1,4,11,,
121,1,3,31,,
121,2,3,8,,
121,2,3,36,,
121,2,3,30,,
121,2,4,9,,
121,2,3,90,,
121,2,5,53,,
121,1,2,130,,
121,2,5,10,,
121,2,3,72,,
121,2,3,9,,
121,2,3,14,,
121,2,3,7,,
121,2,3,18,,
121,2,2,32,,
121,2,3,43,,
121,2,3,36,,
121,2,3,29,,
121,2,3,25,,
121,2,3,12,,
121,2,3,10,,
121,2,3,13,,
121,2,3,66,,
121,2,4,11,,
121,2,3,10,,
121,2,3,21.5,,
121,2,2,29,,
121,2,3,23.5,,
121,2,3,10.5,,
121,2,4,8.5,,
121,2,2,7.5,,
121,2,2,37,,
121,2,4,27.5,,
121,2,3,28.5,,
121,2,3,11,,
121,2,2,10,,
121,2,3,13.5,,
121,2,3,26.5,,
121,2,3,26.5,,
121,2,3,29.5,,
121,2,2,16,,
121,2,3,21,,
121,2,2,11,,
121,2,3,7,,
121,1,3,21,,
121,1,3,34,,
121,1,3,62,,
121,1,2,34,,
121,1,3,11,,
121,1,4,9,,
121,1,3,36.5,,
121,1,3,25,,
121,1,4,28,,
121,1,3,36,,
121,1,5,34,,
121,1,4,24,,
121,1,3,32,,
121,1,4,41,,
121,1,3,40,,
121,1,4,7,,
121,1,3,55,,
122,1,2,20,,
122,2,3,27,,
122,1,3,42.5,,
122,1,2,7.5,,
122,1,2,13,,
122,1,2,10,,
122,1,2,11,,
122,2,3,28,,
122,1,2,8,,
122,1,2,43,,
122,1,2,9.5,,
122,1,3,11,,
122,1,2,61.5,,
122,1,4,11,,
122,1,4,21,,
122,1,4,29.5,,
122,1,4,26.5,,
122,1,3,37,,
122,1,2,37.5,,
122,1,2,7.5,,
122,1,2,7,,
122,2,3,20.5,,
122,1,4,25.5,,
122,1,5,19.5,,
122,1,2,44.5,,
122,1,4,21,,
122,2,3,16,,
122,1,4,27.5,,
122,2,4,15,,
122,1,3,15,,
122,2,3,12,,
122,2,3,33,,
122,2,3,49.5,,
122,1,4,24.5,,
122,1,4,12,,
122,2,3,39.5,,
122,2,4,22.5,,
122,1,2,24.5,,
122,2,4,23.5,,
122,1,2,37,,
122,1,2,28.5,,
122,2,2,40.5,,
122,2,5,32.5,,
122,1,3,11.5,,
122,1,2,12,,
122,1,3,24.5,,
122,2,3,19.5,,
122,2,3,31,,
122,2,2,48,,
122,1,2,32.5,,
122,1,2,13.5,,
122,1,2,7,,
122,1,3,7.5,,
122,2,4,28,,
122,2,3,49,,
122,1,3,19,,
122,2,3,11,,
122,1,2,8,,
122,2,3,14.5,,
122,1,2,25.5,,
122,2,3,22,,
122,1,2,31,,
122,1,3,10,,
122,1,2,24.5,,
122,1,3,8,,
122,1,3,8,,
122,1,3,7.5,,
122,1,3,9.5,,
122,1,3,55.5,,
122,1,3,7,,
122,1,3,7,,
122,1,2,7.5,,
122,1,2,8,,
122,1,2,9,,
122,1,2,7,,
122,2,3,43.5,,
122,NA,NA,NA,,
123,NA,NA,NA,,
123,2,2,81,,
123,2,2,60,,
123,2,2,17,,
123,2,2,21.5,,
123,2,2,8,,
123,2,2,13.5,,
123,2,2,14.5,,
123,2,2,10,,
123,2,4,16,,
123,1,2,16.5,,
123,2,2,24,,
123,NA,NA,NA,,
123,2,3,23.5,,
123,2,4,15.5,,
123,2,5,46,,
123,2,4,30,,
123,2,2,14,,
123,NA,1,NA,,
123,2,5,18,,
123,2,5,13,,
123,2,4,26,,
123,2,3,10,,
123,2,2,48.5,,
123,2,2,25,,
123,2,3,54,,
123,2,2,24.5,,
123,2,2,7,,
123,2,2,8,,
123,2,2,7.5,,
123,2,2,12,,
123,2,2,18,,
123,2,2,70.5,,
123,2,3,15,,
123,2,1,35,,
123,2,2,8.5,,
123,2,2,11,,
123,2,2,8,,
123,2,5,11,,
123,2,2,9.5,,
123,2,2,9.5,,
123,2,2,9,,
123,2,3,21.5,,
123,2,3,29.5,,
123,2,2,8.5,,
123,2,2,11,,
123,2,2,46,,
123,2,4,18,,
123,2,3,23.5,,
123,2,2,NA,,
123,2,2,7,,
123,2,2,8,,
123,2,3,9,,
123,2,3,19,,
123,2,2,9,,
123,2,3,10,,
123,2,3,9,,
123,2,2,8,,
123,2,2,7,,
123,2,3,10.5,,
123,2,3,14,,
123,2,3,18,,
123,2,4,20.5,,
123,2,2,48.5,,
123,2,3,19,,
123,2,2,36.5,,
123,2,2,28.5,,
123,2,2,7,,
123,NA,NA,NA,,
124,2,4,46.5,,
124,1,2,10,,
124,2,2,11,,
124,2,3,12.5,,
124,2,4,10.5,,
124,2,5,23.5,,
124,2,4,7.5,,
124,2,3,11,,
124,2,5,47.5,,
124,2,4,43.5,,
124,2,4,30.5,,
124,2,5,7,,
124,2,4,11.5,,
124,2,4,17,,
124,2,5,39.5,,
124,2,4,17.5,,
124,2,5,7.5,,
124,2,4,12,,
124,2,2,14.5,,
124,2,4,7.5,,
124,2,4,12,,
124,2,4,21.5,,
124,2,4,9.5,,
124,2,4,11,,
124,2,4,8,,
124,2,3,13.5,,
124,2,3,12,,
124,2,4,11.5,,
124,2,4,9,,
124,2,3,9,,
124,1,2,17.5,,
124,2,2,9,,
124,2,2,75.5,,
124,2,2,9.5,,
124,2,5,44.5,,
124,1,2,15.2,,
124,2,2,12,,
124,2,4,21.5,,
124,2,4,12,,
124,1,2,10.5,,
124,2,3,7,,
124,2,2,19.5,,
124,1,2,13.5,,
124,2,3,16.5,,
124,2,2,51.5,,
124,2,2,8.5,,
124,2,3,20,,
124,1,2,22,,
124,1,2,28,,
124,2,2,52.5,,
124,2,2,8,,
124,2,2,71.5,,
124,2,4,46.5,,
124,2,4,30,,
124,2,2,78,,
124,2,3,12,,
124,2,2,13,,
124,2,2,11,,
125,1,1,20,,
125,1,1,8.5,,
125,1,1,9.5,,
125,2,4,26,,
125,2,4,10,,
125,2,3,13.5,,
125,2,3,12,,
125,2,4,32.5,,
125,2,3,37.5,,
125,2,3,43,,
125,1,4,16,,
125,1,2,12.5,,
125,2,3,11,,
125,1,2,8,,
125,2,4,13,,
125,2,4,36.5,,
125,2,4,31,,
125,2,1,51.5,,
125,2,4,25,,
125,2,1,50.5,,
125,2,4,10,,
125,2,3,7.5,,
125,2,4,10,,
125,2,3,13,,
125,2,4,28.5,,
125,2,3,15,,
125,2,4,37.5,,
125,1,3,7,,
125,2,4,17,,
125,1,4,24,,
125,2,4,18,,
125,2,3,16.5,,
125,1,2,39.5,,
125,1,2,13.5,,
125,2,4,18,,
125,2,4,33,,
125,2,4,18,,
125,2,3,8,,
125,2,3,24,,
125,2,3,8,,
125,2,3,27,,
125,2,3,32.5,,
125,2,3,23.5,,
125,2,4,22,,
125,NA,NA,NA,,
127,2,4,37.5,,
127,2,3,8,,
127,2,4,38.5,,
127,2,4,34.5,,
127,2,4,7.5,,
127,2,4,28.5,,
127,2,4,10.5,,
127,2,3,28.5,,
127,2,3,74,,
127,2,4,59.5,,
127,2,3,11,,
127,2,3,32,,
127,2,4,32.5,,
127,2,3,8,,
127,2,3,17,,
127,2,4,46.5,,
127,2,4,58,,
127,2,3,48,,
127,2,4,41,,
127,2,4,31.5,,
127,2,5,41.5,,
127,2,5,28.5,,
127,2,4,41,,
127,2,4,11.5,,
127,2,3,9.5,,
127,2,2,12,,
127,1,2,9,,
127,2,2,9,,
127,2,2,53.5,,
127,2,3,19.5,,
127,2,3,24.5,,
127,2,2,63,,
127,2,4,30,,
127,2,5,28,,
127,2,4,12.5,,
127,2,3,9,,
127,2,5,51.5,,
127,2,4,11.5,,
127,2,4,32,,
127,2,4,21,,
127,2,4,30,,
127,2,3,76.5,,
128,2,4,54.5,,
128,2,3,61,,
128,2,3,40,,
128,2,4,8,,
128,2,4,21.5,,
128,2,4,21,,
128,2,4,41.5,,
128,2,3,57,,
128,2,2,14,,
128,2,3,20,,
128,2,5,24.5,,
128,2,3,11,,
128,2,3,42,,
128,2,3,10.5,,
128,2,4,14.5,,
128,2,3,53.5,,
128,2,3,20.5,,
128,2,3,15,,
128,2,3,45.5,,
128,2,4,11,,
128,2,4,49.5,,
128,2,3,17.5,,
128,2,3,42,,
128,2,4,11,,
128,2,4,17.5,,
128,2,5,11.5,,
128,2,5,15,,
128,2,4,20,,
128,2,5,14,,
128,1,3,9.5,,
128,2,4,7,,
128,1,4,14.5,,
128,2,3,38,,
128,1,NA,11,,
128,2,5,15.5,,
128,2,2,59,,
128,1,2,17.5,,
128,1,2,27,,
128,2,2,13.5,,
128,NA,NA,NA,,
129,2,3,47,,
129,1,3,19,,
129,2,4,50.5,,
129,NA,NA,NA,,
129,2,4,20,,
129,1,2,7.5,,
129,1,4,7,,
129,2,5,46.5,,
129,1,3,9.5,,
129,1,3,10,,
129,1,2,9,,
129,1,1,38.5,,
129,2,4,43,,
129,2,3,63,,
129,2,4,59.5,,
129,2,3,71,,
129,2,3,7,,
129,2,5,36.5,,
129,2,3,13,,
129,2,3,12.5,,
129,2,3,22.5,,
129,2,4,47,,
129,NA,NA,NA,,
129,2,3,8,,
129,2,5,22,,
129,2,4,15,,
129,2,4,17,,
129,2,5,17,,
129,1,3,15.5,,
129,2,4,20,,
129,2,4,32,,
129,2,3,86,,
129,1,3,7,,
129,1,2,7.5,,
129,1,1,9,,
129,2,4,42,,
129,1,1,9,,
129,1,1,12.5,,
129,2,4,39,,
130,2,3,7.5,,
130,2,4,7,,
130,2,4,38.5,,
130,2,3,10,,
130,2,4,16.5,,
130,2,3,9.5,,
130,2,4,8,,
130,2,4,11,,
130,2,4,7.5,,
130,2,3,42.5,,
130,2,3,10.5,,
130,2,2,10,,
130,2,3,42,,
130,2,5,37.5,,
130,2,3,34,,
130,2,2,37,,
130,2,3,23,,
130,2,4,33,,
130,2,3,16,,
130,2,4,44,,
130,2,3,7,,
130,2,4,9,,
130,2,4,55.5,,
130,2,2,48.5,,
130,2,4,24.5,,
130,1,4,24,,
130,2,4,22,,
130,2,5,14,,
130,2,3,30.5,,
130,2,4,30.5,,
130,2,4,34.5,,
130,1,3,10.5,,
130,1,3,20,,
130,2,4,29,,
130,2,4,14,,
130,2,4,7.5,,
130,NA,NA,NA,,
130,2,4,8.5,,
130,2,4,29,,
130,2,2,8,,
130,2,4,20,,
130,2,4,32,,
130,1,2,12.5,,
130,1,2,10.5,,
130,1,2,7.5,,
130,1,3,24,,
130,1,3,35,,
130,1,3,17.5,,
130,1,2,7,,
130,1,2,7.5,,
130,2,3,15.5,,
130,2,4,11,,
130,2,4,9,,
130,2,3,40,,
130,2,4,51.5,,
130,2,3,12,,
130,2,4,45.5,,
130,2,4,10,,
130,2,4,38,,
130,2,3,7.5,,
130,2,4,27,,
130,2,4,29.5,,
130,2,3,31,,
130,2,4,20.5,,
130,2,4,30.5,,
130,2,3,25,,
130,2,4,40,,
130,NA,NA,NA,,
131,2,3,2.5,,
131,2,4,23,,
131,2,4,72,,
131,2,4,31.5,,
131,2,4,34.5,,
131,2,3,55,,
131,2,3,28,,
131,2,5,43,,
131,2,5,32,,
131,2,4,24.5,,
131,2,4,29.5,,
131,2,4,36.5,,
131,2,4,29,,
131,2,4,44.5,,
131,2,5,42,,
131,2,3,33.5,,
131,2,2,13,,
131,2,2,8.2,,
131,2,3,28,,
131,2,4,12,,
131,2,4,37,,
131,2,4,35.5,,
132,2,3,25,,
132,2,3,29,,
132,2,3,21,,
132,2,3,7,,
132,2,3,8,,
132,2,3,35.5,,
132,2,3,31.5,,
132,2,2,45.5,,
132,2,3,37,,
132,2,3,31,,
132,2,3,36.5,,
132,2,3,33,,
132,2,3,26,,
132,2,3,7,,
132,2,3,7,,
132,2,3,8,,
132,2,2,47,,
132,2,3,37,,
132,2,4,22,,
132,2,3,51,,
132,2,3,45,,
132,2,4,33.5,,
132,2,4,31.5,,
132,2,3,7.5,,
132,2,3,8,,
132,NA,NA,NA,,
132,2,3,45.5,,
132,2,2,39.5,,
132,2,3,21,,
132,2,4,31,,
132,2,3,44,,
132,2,3,35.5,,
132,2,3,59.5,,
132,2,4,42.5,,
132,2,4,30,,
132,2,2,39,,
132,2,3,27.5,,
132,2,4,8,,
132,2,3,45,,
132,2,3,46.5,,
132,2,3,7,,
132,2,3,14.5,,
132,2,3,21.5,,
132,NA,NA,NA,,
133,2,3,13.5,,
133,2,4,29,,
133,2,4,44.5,,
133,2,4,26,,
133,2,3,38,,
133,2,5,11,,
133,2,2,75,,
133,2,3,27.5,,
133,2,4,44.5,,
133,2,4,11,,
133,2,2,59,,
133,2,3,22,,
133,2,4,24,,
133,2,4,33.5,,
133,2,4,16,,
133,2,5,36,,
133,2,3,12,,
133,2,4,42,,
133,2,3,47.5,,
133,2,1,82,,
133,2,2,47.5,,
133,2,4,44,,
133,2,5,46,,
133,1,3,11.5,,
133,2,2,72,,
133,2,3,11,,
133,2,4,12.5,,
133,2,4,41,,
134,2,2,9,,
134,2,3,10.5,,
134,2,2,7,,
134,2,3,8,,
134,2,3,57.5,,
134,2,3,42,,
134,2,4,19,,
134,2,3,39.5,,
134,2,4,12.5,,
134,2,3,48,,
134,2,3,27,,
134,2,4,38,,
134,2,2,13,,
134,2,3,13.5,,
134,2,3,8.5,,
134,2,3,44,,
134,2,5,17.5,,
134,2,5,8,,
134,2,2,31.5,,
134,2,4,15.5,,
134,2,4,28,,
134,2,3,12,,
134,2,4,39.5,,
134,2,3,38,,
134,2,5,30,,
134,2,4,29,,
134,2,5,15,,
134,2,4,20,,
134,2,4,30,,
134,2,4,38.5,,
134,2,5,21.5,,
134,2,3,34,,
134,2,5,46,,
134,2,3,39.5,,
134,2,3,10,,
134,2,4,19,,
134,2,4,14,,
134,2,3,20,,
134,2,4,25.5,,
134,2,4,17,,
134,2,3,44.5,,
134,2,4,8.5,,
134,2,4,14,,
134,2,3,23,,
134,2,4,17,,
134,2,4,15,,
134,2,3,31.5,,
134,2,2,24,,
134,2,2,23,,
134,2,4,31.5,,
134,2,4,38.5,,
134,2,4,29,,
134,2,5,10,,
134,2,4,27.5,,
134,2,3,13,,
134,2,2,24,,
134,2,2,13,,
134,2,3,8.5,,
134,2,4,25.5,,
134,2,4,21.5,,
134,2,5,11,,
134,2,3,9.5,,
134,2,3,46,,
134,NA,NA,NA,,
135,2,4,15.5,,
135,2,4,20,,
135,2,3,30,,
135,2,4,35.5,,
135,2,4,8,,
135,2,4,17,,
135,2,3,45,,
135,2,2,11.5,,
135,2,5,16,,
135,2,4,11,,
135,2,4,7,,
135,2,4,13.5,,
135,2,5,23,,
135,2,4,9,,
135,2,4,7,,
135,2,4,30.5,,
135,2,4,13,,
135,2,4,22,,
135,2,3,9,,
135,2,5,21,,
135,2,4,9,,
135,2,4,67,,
135,2,5,23,,
135,2,2,7.5,,
135,2,4,23.5,,
135,2,4,23.5,,
135,2,4,25.5,,
135,2,4,11,,
135,2,2,8.6,,
135,2,2,23.5,,
135,2,4,14.5,,
135,2,4,33,,
135,2,5,26,,
135,2,4,34.5,,
135,2,3,11.5,,
135,2,2,18,,
135,2,4,22,,
135,2,4,33,,
135,2,2,9.5,,
135,2,3,30,,
135,2,3,17.5,,
135,2,4,24,,
135,2,4,31,,
135,2,3,32.5,,
135,2,4,12.5,,
135,2,4,9,,
135,2,4,11,,
135,2,4,15.5,,
135,2,4,22,,
135,2,4,31,,
135,2,5,46,,
135,2,4,38,,
135,2,4,25.5,,
135,1,4,9,,
135,2,3,7,,
135,1,1,12,,
136,2,3,17,,
136,2,3,39,,
136,2,3,13.5,,
136,2,2,8.5,,
136,2,3,57.5,,
136,2,3,12,,
136,2,5,39,,
136,2,3,44.5,,
136,2,3,44.5,,
136,2,3,77.5,,
136,2,3,26.5,,
136,2,3,31,,
136,2,3,39.5,,
136,2,2,10,,
136,2,2,9.5,,
136,2,2,60.5,,
136,2,2,10,,
136,2,3,67.5,,
136,2,5,52,,
136,2,3,14.5,,
136,2,2,73,,
136,2,4,12.4,,
136,2,3,55,,
136,2,3,78,,
136,2,4,9,,
136,2,4,7,,
136,2,3,47,,
136,2,4,11.5,,
136,2,4,8,,
136,2,5,42,,
136,2,2,58,,
136,2,4,31.5,,
136,2,3,66.5,,
136,2,2,8,,
136,2,4,62,,
136,2,2,15.5,,
136,2,2,14,,
136,2,4,48.5,,
136,2,2,9.5,,
136,2,2,8.5,,
136,2,2,77.5,,
136,2,3,45.5,,
136,2,3,44,,
136,2,3,13,,
136,2,2,68,,
136,2,2,15,,
136,NA,NA,NA,,
137,2,4,59,,
137,2,3,11,,
137,2,2,7,,
137,2,3,79,,
137,1,2,21,,
137,2,2,8,,
137,2,4,14,,
137,2,2,7.5,,
137,2,2,8.5,,
137,2,3,78,,
137,2,3,68.5,,
137,2,2,39,,
137,2,2,13,,
137,2,4,14,,
137,2,2,9.5,,
137,2,2,12,,
137,2,4,63,,
137,2,4,9,,
137,NA,NA,NA,,
137,2,3,22,,
137,2,3,31,,
137,NA,NA,NA,,
138,2,3,16,,
138,2,3,7,,
138,2,4,7,,
138,2,4,28,,
138,2,2,38.5,,
138,2,3,46,,
138,2,3,11,,
138,2,3,9.5,,
138,2,4,21,,
138,2,3,8,,
138,2,3,78,,
138,2,2,67,,
138,2,4,38,,
138,2,4,16,,
138,2,2,14,,
138,2,3,65,,
138,2,4,59,,
138,NA,NA,NA,,
140,2,5,38.5,,
140,2,5,17,,
140,2,3,44,,
140,2,3,12.5,,
140,2,3,40,,
140,2,3,26,,
140,2,1,59,,
140,2,3,19,,
140,2,4,47,,
140,2,5,39,,
140,2,4,27.5,,
140,2,4,8,,
140,2,4,9,,
140,2,4,28,,
140,2,2,57.5,,
140,2,2,8,,
140,2,2,13,,
140,2,2,21.5,,
140,2,4,11.5,,
140,2,4,25,,
140,2,4,16.5,,
140,2,4,46,,
140,2,4,8,,
140,2,5,45,,
140,2,5,24,,
140,2,4,38,,
140,2,4,24,,
140,2,4,33.5,,
140,2,2,26,,
140,2,4,14.5,,
140,2,5,25,,
140,2,4,11,,
140,2,4,15.5,,
140,2,4,12,,
140,2,4,35,,
140,2,3,25.5,,
140,2,4,39,,
140,2,2,46,,
140,2,3,43.5,,
140,2,4,34,,
141,2,4,33.5,,
141,1,2,33,,
141,2,4,15,,
141,2,4,16,,
141,2,3,22.5,,
141,2,4,48,,
141,2,4,45,,
141,2,2,16.5,,
141,2,5,35.5,,
141,2,2,15,,
141,2,3,52,,
141,2,2,8,,
141,2,4,26,,
141,2,3,23,,
141,2,2,10.5,,
141,2,3,14,,
141,2,3,45,,
141,2,2,17,,
141,2,3,64,,
141,2,4,10,,
141,2,4,54,,
141,2,4,37,,
141,2,2,12,,
141,2,2,11,,
141,2,2,8,,
141,2,3,7,,
141,2,3,8,,
141,2,3,9.5,,
141,2,3,8,,
141,2,3,8,,
141,2,3,8,,
141,2,3,7.5,,
141,2,3,16.5,,
141,2,4,26,,
141,2,3,13,,
141,2,3,31,,
141,2,3,7.5,,
141,2,4,19,,
141,2,4,9,,
141,2,2,7,,
141,2,3,25,,
141,NA,NA,NA,,
148,2,3,7.5,,
148,2,4,39,,
148,2,3,17.5,,
148,1,1,10.5,,
148,2,4,50.5,,
148,2,1,32.5,,
148,2,4,29,,
148,2,1,54.5,,
148,2,3,19.5,,
148,2,4,21.5,,
148,2,4,22,,
148,1,1,8,,
148,2,4,30,,
148,1,3,8.5,,
148,2,1,30.5,,
148,1,2,12,,
148,2,2,13,,
148,2,2,9,,
148,2,3,11,,
148,2,3,18,,
148,2,4,53,,
148,2,2,16,,
148,2,2,8.5,,
148,2,3,9,,
148,2,4,28.5,,
148,2,2,15,,
148,2,3,16,,
148,2,3,10.5,,
148,2,4,22,,
148,2,5,61,,
148,2,4,49,,
148,1,1,13,,
148,2,1,44,,
148,2,1,56.5,,
148,2,1,38,,
148,2,4,54.5,,
148,1,2,10,,
148,2,3,25,,
148,2,2,13.5,,
148,2,3,17,,
148,2,3,9,,
148,2,4,8,,
148,2,1,33,,
148,2,3,17,,
148,1,1,15.5,,
151,2,2,7.5,,
151,2,2,60,,
151,2,4,70.5,,
151,2,4,33,,
151,2,4,56.5,,
151,2,3,34.5,,
151,2,3,43.5,,
151,2,4,17,,
151,2,3,8.5,,
151,2,4,23,,
151,2,4,40,,
151,2,3,10,,
151,2,2,53.5,,
151,2,4,38,,
151,2,4,44,,
151,2,4,40.5,,
151,2,4,25,,
151,2,4,9,,
151,2,3,8.5,,
151,2,4,49.5,,
151,2,3,51,,
151,2,4,8,,
151,2,4,34,,
151,NA,2,25.5,,
151,2,2,53,,
151,2,4,39.5,,
151,2,2,27.5,,
151,2,3,28,,
151,2,4,23,,
151,2,4,7,,
151,2,3,28,,
151,2,3,36,,
151,2,2,23.5,,
151,2,3,8,,
151,2,2,28.5,,
151,2,2,7,,
151,2,2,28,,
151,2,4,15,,
151,2,3,34,,
151,2,3,28,,
151,2,4,35.5,,
151,2,4,37.5,,
151,2,4,22.5,,
151,2,2,15,,
151,2,2,14.5,,
151,2,3,15,,
151,2,2,17.5,,
151,2,3,12,,
151,2,5,16,,
151,2,3,14.5,,
151,2,2,47,,
151,2,3,26,,
151,2,3,31,,
151,NA,NA,NA,,
152,2,4,28,,
152,2,4,38,,
152,2,4,30.5,,
152,2,5,48,,
152,2,5,11,,
152,2,4,25.5,,
152,2,4,46,,
152,2,4,32,,
152,2,2,29,,
152,2,3,41,,
152,2,3,12,,
152,2,3,17,,
152,2,3,12,,
152,2,3,12.8,,
152,2,3,50,,
152,2,2,18,,
152,2,3,18.5,,
152,2,4,31,,
152,2,4,25,,
152,2,3,12,,
152,2,3,19,,
152,2,4,22.5,,
152,2,4,12.5,,
152,2,5,23,,
152,2,5,30,,
152,2,4,25.5,,
152,2,4,34.5,,
152,2,4,41,,
153,2,3,63,,
153,2,4,9,,
153,2,3,10.5,,
153,2,4,12,,
153,2,3,28.5,,
153,2,4,10.5,,
153,2,4,8,,
153,2,4,11.5,,
153,2,4,16,,
153,2,3,50.5,,
153,2,2,66,,
153,2,2,16.5,,
153,2,3,43.5,,
153,2,3,57,,
153,2,4,48,,
153,2,2,56,,
153,2,3,49,,
153,2,3,10,,
153,2,3,14,,
153,2,3,12.5,,
153,2,4,8,,
153,2,5,25,,
153,2,4,50.5,,
153,2,3,55,,
153,2,3,11,,
153,2,3,41,,
153,2,3,9.5,,
153,2,3,21,,
153,2,3,22,,
153,2,4,41,,
153,NA,NA,NA,,
153,NA,NA,NA,,
156,2,1,45.5,,
156,2,2,17,,
156,2,2,8,,
156,2,4,25,,
156,2,2,57,,
156,1,2,20,,
156,2,4,11,,
156,2,4,20.5,,
156,2,2,17,,
156,2,2,53.5,,
156,2,4,36,,
156,2,5,22,,
156,2,2,60,,
156,2,3,44,,
156,2,4,51.5,,
156,2,3,7.5,,
156,2,3,39,,
156,2,4,32,,
156,2,3,12.5,,
156,2,5,37,,
156,2,4,49.5,,
156,2,5,20,,
156,2,5,17,,
156,2,4,12,,
156,2,4,15.5,,
156,2,4,23,,
156,2,4,36,,
156,2,3,52.5,,
156,2,3,29,,
156,2,4,17,,
156,2,3,11,,
156,2,4,9,,
156,2,3,37,,
156,2,4,55,,
156,2,4,61,,
156,2,3,12.5,,
159,2,3,28.5,,
159,NA,4,NA,,
159,2,1,57,,
159,2,4,21.5,,
159,2,4,41,,
159,2,3,16,,
159,2,4,9,,
159,1,1,10.5,,
159,2,4,47,,
159,2,4,61.5,,
159,NA,4,40,,
159,2,3,47.5,,
159,2,4,56,,
159,1,1,9,,
159,1,1,8,,
159,1,2,14,,
159,NA,4,70,,
159,2,3,8.5,,
159,2,2,43,,
159,2,3,55,,
159,2,3,8,,
159,2,4,29,,
159,2,3,12,,
159,1,1,9,,
159,2,4,33,,
159,2,2,11,,
159,2,4,43,,
159,2,2,12,,
159,1,1,11,,
159,1,1,17,,
160,2,4,50.5,,
160,2,5,40,,
160,2,2,63,,
160,2,4,33.5,,
160,2,5,51,,
160,2,2,12.5,,
160,2,1,7,,
160,2,1,7,,
160,2,1,7.5,,
160,2,2,13.5,,
160,2,2,17.5,,
160,2,3,12,,
160,2,3,8.5,,
160,2,2,12,,
160,2,3,12.5,,
160,2,3,13,,
160,2,1,58,,
160,2,4,53,,
160,2,3,10.5,,
160,2,4,37,,
160,2,3,7,,
160,2,4,25,,
160,2,5,13,,
160,2,1,37,,
160,2,4,46,,
160,2,4,61,,
160,2,3,28,,
160,2,3,36,,
160,2,4,45,,
160,2,3,14,,
160,2,4,52,,
160,2,4,58,,
160,2,4,41,,
160,2,4,28,,
161,2,4,26.5,,
161,2,2,13,,
161,2,2,8.5,,
161,2,3,31,,
161,2,1,23,,
161,2,3,9.5,,
161,2,3,47,,
161,2,4,12.5,,
161,2,4,33.5,,
161,2,4,38,,
161,2,2,17.5,,
161,2,4,28,,
161,2,5,25,,
161,2,3,9,,
161,2,5,41,,
161,NA,NA,NA,,
161,2,4,30,,
161,2,3,32.5,,
161,2,3,7,,
161,2,4,54,,
161,2,3,13.5,,
161,2,3,32.5,,
161,2,3,28,,
161,2,3,39,,
161,2,4,31,,
161,2,3,34,,
161,2,2,13.5,,
162,2,4,28,,
162,2,5,43,,
162,2,3,9.5,,
162,2,5,31,,
162,2,2,32,,
162,2,3,15.5,,
162,2,2,20,,
162,2,3,17.5,,
162,2,3,26.5,,
162,2,3,7.5,,
162,2,3,27,,
162,2,2,13,,
162,2,3,22.5,,
162,2,5,35,,
162,2,4,17,,
162,2,3,21,,
162,2,3,27,,
162,2,4,20.5,,
162,2,5,29,,
162,2,4,8.5,,
162,2,4,11,,
162,2,4,25.5,,
162,2,3,16.5,,
162,2,2,16,,
162,2,3,7.5,,
162,2,3,14,,
162,2,2,19,,
162,2,2,24,,
162,2,3,7.2,,
162,2,3,7.5,,
162,2,3,8.5,,
162,2,2,13,,
162,2,3,8,,
162,2,2,15.5,,
162,2,4,11,,
162,2,3,17.5,,
162,2,3,15.5,,
162,2,3,11,,
162,2,2,30,,
162,2,3,28,,
162,2,3,20,,
162,2,3,16,,
162,2,4,22.5,,
162,2,3,16.5,,
162,2,2,17.5,,
162,2,3,8.5,,
162,2,3,17,,
162,2,4,17.5,,
162,2,2,20.5,,
162,2,3,19,,
162,2,5,15,,
162,2,4,25.5,,
162,2,4,10,,
162,2,4,26.5,,
162,2,5,20,,
162,2,5,20,,
162,2,2,24.5,,
162,2,3,22,,
162,2,3,9,,
162,2,3,10,,
162,2,3,8,,
162,2,2,22,,
162,2,4,10,,
162,2,3,12,,
162,2,3,7.5,,
162,2,3,11,,
162,2,3,8,,
162,2,3,13,,
162,2,3,25.5,,
162,2,3,7,,
162,2,3,11,,
162,2,5,25,,
162,2,4,9,,
162,2,4,7,,
162,2,4,23,,
162,2,5,14,,
162,2,3,38.5,,
162,2,4,8,,
162,2,4,32,,
162,2,3,35.5,,
162,2,3,7.5,,
163,2,3,39,,
163,2,2,7.5,,
163,2,4,54,,
163,2,2,45,,
163,2,2,39,,
163,2,2,11,,
163,2,3,21.5,,
163,2,3,12,,
163,2,4,11.5,,
163,2,4,13.5,,
163,2,4,41,,
163,2,3,11,,
163,2,3,12,,
163,NA,4,39,,
163,2,4,8.5,,
163,2,5,18,,
163,2,2,44,,
163,2,4,34.5,,
163,2,3,16,,
163,2,2,18,,
163,2,3,12.5,,
163,2,5,19,,
163,2,4,11,,
163,2,2,8,,
163,2,3,13,,
163,2,2,30,,
163,2,3,32,,
163,2,3,39,,
163,2,3,26,,
163,2,3,41,,
163,2,4,31,,
163,2,5,14.5,,
163,2,4,8.5,,
163,2,4,34,,
163,2,4,21,,
163,2,2,31,,
163,2,3,34,,
163,2,3,36.5,,
163,2,1,14.5,,
163,2,1,14,,
163,2,1,11.5,,
163,2,2,13,,
163,2,3,44,,
163,2,2,18.5,,
163,2,3,12.5,,
163,2,5,12,,
163,2,4,16,,
163,2,5,20,,
163,2,3,21.5,,
164,2,4,22,,
164,2,3,8,,
164,2,4,39,,
164,2,4,43,,
164,2,4,8,,
164,2,4,21,,
164,2,4,13,,
164,2,3,62,,
164,2,2,11.5,,
164,2,4,9,,
164,2,4,19.5,,
164,2,4,17.2,,
164,2,3,7.5,,
164,2,4,17.5,,
164,2,4,16.5,,
164,2,5,40,,
164,2,5,24,,
164,2,4,16.5,,
164,2,4,12.5,,
164,2,4,22,,
164,2,4,8.5,,
164,2,4,17,,
164,2,4,17.5,,
164,2,3,31.5,,
164,2,3,8,,
164,2,5,30,,
164,2,4,45,,
164,2,4,9.5,,
164,2,4,27.5,,
164,2,3,24,,
164,2,2,8.5,,
164,2,5,25,,
164,2,4,33,,
164,2,3,14,,
164,2,3,24.5,,
164,2,4,7,,
164,2,3,10.5,,
164,2,4,12,,
164,2,2,30.5,,
164,2,3,7.5,,
164,2,3,8,,
164,1,4,26.5,,
164,2,3,18.5,,
164,2,4,31.5,,
164,2,4,25,,
164,2,3,28.5,,
164,2,3,32,,
164,2,4,26,,
164,2,3,37,,
164,2,4,17.5,,
164,2,4,17.5,,
164,2,3,7.5,,
164,2,3,7,,
164,2,4,31.5,,
164,2,4,13,,
164,2,4,15.5,,
164,2,3,7,,
164,2,3,37,,
164,2,2,39.5,,
164,2,4,25,,
164,2,2,26,,
164,2,2,30.5,,
164,2,4,8.5,,
164,2,4,15,,
164,2,3,9.5,,
164,2,3,46,,
164,2,2,9,,
164,2,3,7.5,,
164,2,3,13,,
164,2,5,38,,
164,2,2,44.5,,
164,2,5,44,,
164,2,3,15,,
165,2,2,7,,
165,2,5,24,,
165,1,3,13,,
165,2,2,28.5,,
165,2,3,37,,
165,2,2,29,,
165,2,1,36,,
165,2,1,38.5,,
165,2,4,7,,
165,2,4,22,,
165,2,4,28,,
165,1,3,19.5,,
165,2,4,27,,
165,2,1,36,,
165,2,4,71,,
165,2,3,23,,
165,2,3,29,,
165,2,3,44,,
165,2,2,42.5,,
165,2,3,29,,
165,2,1,10,,
165,2,3,8,,
165,2,3,8.5,,
165,2,2,30,,
165,2,3,27,,
165,1,1,7,,
165,1,1,8,,
165,1,1,12,,
165,2,1,12,,
165,2,1,41.5,,
165,2,1,9,,
165,2,4,40,,
165,2,1,39,,
165,2,3,8,,
165,2,1,14.5,,
165,2,4,37.5,,
165,2,4,39,,
165,2,4,29,,
165,2,2,39.5,,
165,2,1,41,,
165,2,1,52,,
165,2,4,32,,
167,2,4,17,,
167,2,4,10.5,,
167,2,3,31,,
167,2,4,15,,
167,2,2,20,,
167,2,1,9.5,,
167,2,2,29,,
167,2,3,19,,
167,2,4,21,,
167,2,2,30.5,,
167,2,4,8,,
167,2,3,35.5,,
167,2,3,24,,
167,2,4,25,,
167,2,3,39,,
167,2,2,21.5,,
167,2,2,7,,
167,2,4,36,,
167,2,5,29,,
167,2,4,19,,
167,2,4,12,,
167,2,2,27.5,,
167,2,2,11,,
167,2,3,12,,
167,1,3,21,,
167,1,3,9,,
167,2,4,17.5,,
167,2,3,28,,
167,2,4,31,,
167,1,2,33,,
167,2,4,24,,
167,2,4,10.5,,
167,2,4,23.5,,
167,2,4,20,,
167,2,3,25,,
167,2,3,25.5,,
167,2,5,22,,
167,2,2,26.5,,
167,2,3,9,,
167,2,4,12,,
167,2,4,21,,
167,2,4,23,,
167,2,3,15,,
167,2,3,24,,
167,2,3,26,,
167,2,2,32,,
167,2,2,32.5,,
167,2,4,28,,
167,2,4,11.5,,
167,2,4,22,,
167,2,3,22.5,,
167,2,2,30.5,,
167,NA,NA,NA,,
168,2,5,37,,
168,2,4,34,,
168,2,5,25,,
168,2,2,42.5,,
168,2,5,26,,
168,2,2,35,,
168,2,5,34,,
168,2,4,32.2,,
168,2,3,40,,
168,2,4,12,,
168,2,3,27,,
168,2,4,40,,
168,2,2,20,,
168,2,3,42,,
168,2,2,32.5,,
168,2,4,28,,
168,2,5,29,,
168,2,4,38.5,,
168,2,2,46,,
168,2,2,11,,
168,2,4,33,,
168,2,4,27,,
168,2,3,39,,
168,2,3,49,,
168,2,3,48,,
168,2,4,35,,
168,2,4,27,,
168,2,3,63,,
168,2,4,29,,
168,NA,NA,NA,,
171,2,2,48.5,,
171,2,4,31,,
171,2,3,7,,
171,2,4,48,,
171,2,4,28.5,,
171,2,4,43,,
171,1,3,16.5,,
171,2,4,32.5,,
171,2,4,39.5,,
171,2,5,27,,
171,2,4,25.5,,
171,2,4,40,,
171,2,5,26,,
171,2,3,17.5,,
171,2,2,14,,
171,2,4,16.5,,
171,2,5,10.5,,
171,2,3,49,,
171,2,5,12.5,,
171,2,5,12,,
171,2,4,34,,
171,2,3,39,,
171,2,5,42,,
171,2,3,34,,
171,1,3,12,,
171,2,4,49,,
171,1,5,24.5,,
171,2,5,19,,
171,2,4,18,,
171,2,4,13.5,,
171,2,4,18.5,,
171,2,4,34.5,,
171,2,4,42,,
171,2,2,54,,
171,2,2,33,,
171,2,4,18.5,,
171,1,2,29.5,,
171,2,4,52,,
171,1,2,10,,
171,1,2,8,,
171,2,5,21.5,,
171,2,3,25,,
171,2,4,19,,
171,2,5,15,,
171,1,2,9,,
171,2,3,28.5,,
171,1,2,13.5,,
171,1,2,13.5,,
171,1,2,17,,
171,1,2,9,,
171,1,2,10,,
171,2,4,47.5,,
171,2,5,37,,
171,2,4,28.5,,
171,2,3,17.5,,
171,2,3,22.5,,
171,1,2,9.5,,
171,2,3,24.5,,
171,2,3,23,,
171,2,3,8,,
171,2,3,37.5,,
171,2,3,19,,
171,2,5,42,,
171,2,5,15,,
171,2,3,21.5,,
171,2,4,8,,
171,2,4,10.5,,
171,2,4,15,,
171,2,4,13,,
171,2,2,31.5,,
171,2,3,11,,
171,2,3,16,,
171,1,2,29.5,,
171,2,3,50,,
171,2,2,27,,
171,2,2,46,,
171,2,4,53,,
171,2,4,36,,
171,2,2,24.5,,
171,2,4,22,,
171,2,2,51,,
171,1,2,7.5,,
171,1,2,8,,
171,2,3,54.5,,
171,2,2,18.5,,
171,1,2,9.5,,
171,2,2,24,,
171,2,4,20,,
171,1,3,8,,
171,2,3,42,,
171,2,2,51.5,,
171,NA,NA,NA,,
171,2,4,9,,
171,2,3,31.5,,
171,2,5,22,,
171,2,2,47,,
171,2,2,14,,
171,2,3,12,,
171,2,3,11,,
171,2,2,28.5,,
171,2,3,10.5,,
172,2,3,7,,
172,2,4,26,,
172,2,2,25,,
172,2,3,8.5,,
172,2,4,33,,
172,2,4,23,,
172,2,4,8.5,,
172,2,4,27,,
172,2,2,41,,
172,2,4,44,,
172,2,3,49,,
172,2,5,15,,
172,2,4,55,,
172,2,4,30,,
172,2,4,9,,
172,2,3,50,,
172,2,4,51,,
172,2,3,27,,
172,2,5,60,,
172,2,3,35,,
172,2,3,45,,
172,2,4,35,,
172,2,4,57,,
172,2,3,11.5,,
172,2,3,34,,
172,2,3,49,,
172,2,3,63,,
172,2,4,34,,
172,2,3,68.5,,
172,2,3,51,,
172,2,3,19,,
172,2,5,11.5,,
172,2,4,30.5,,
172,2,4,30,,
172,2,3,59,,
172,2,4,26,,
172,2,3,36,,
172,2,4,31,,
172,2,4,25,,
172,2,4,40,,
172,2,4,14,,
172,2,4,26,,
172,2,3,11,,
172,2,3,11,,
172,2,3,30,,
172,2,3,16,,
172,2,4,8.5,,
172,2,3,10,,
172,2,3,39,,
172,2,5,15,,
172,2,4,34,,
172,2,4,46,,
172,2,4,28,,
172,2,4,34,,
172,2,2,9,,
172,2,4,36,,
172,2,3,13,,
172,2,4,28,,
172,2,3,9,,
172,2,5,8,,
172,1,4,9,,
172,2,4,28,,
172,2,4,27,,
172,2,4,32,,
172,2,4,16,,
172,2,4,24,,
172,2,3,27.5,,
172,2,4,38,,
172,2,3,20,,
172,2,3,25,,
172,2,3,25.5,,
172,2,3,50,,
172,2,4,36,,
172,2,4,9,,
172,2,4,32,,
172,2,3,29,,
172,2,4,25,,
172,2,4,29.5,,
172,2,5,19,,
172,2,5,14,,
172,1,2,20,,
172,2,3,35,,
172,2,3,23,,
172,2,4,30,,
173,2,3,10,,
173,2,3,7,,
173,2,3,9.5,,
173,2,3,42,,
173,2,2,55,,
173,2,3,30,,
173,2,2,24.5,,
173,2,2,50,,
173,2,2,54,,
173,2,2,17,,
173,2,4,8,,
173,2,3,21,,
173,2,3,35,,
173,2,4,13,,
173,2,4,29,,
173,2,3,49,,
173,2,3,35,,
173,2,2,55,,
173,2,2,50,,
173,2,4,10.5,,
173,1,2,8,,
173,1,2,8.5,,
173,1,2,7,,
173,1,2,10.5,,
173,1,2,9.5,,
173,1,2,43,,
173,2,4,12,,
173,2,3,10.5,,
173,2,3,44,,
173,2,2,25.5,,
173,2,2,35,,
173,2,4,32,,
173,2,4,16,,
173,2,3,15,,
173,2,NA,23,,
173,2,3,27,,
173,2,5,40,,
173,2,3,44,,
173,2,3,26,,
173,2,3,10,,
173,2,3,7,,
173,2,3,10.5,,
173,2,4,9.5,,
173,2,5,13,,
173,2,2,57.5,,
173,2,5,43,,
173,2,3,46,,
173,2,3,7,,
173,2,3,32,,
173,2,3,11,,
173,2,2,11,,
173,2,3,55,,
173,2,3,14,,
173,2,3,12,,
173,2,3,16,,
173,2,3,54,,
173,2,4,20.5,,
173,2,4,40,,
173,2,3,68,,
173,2,3,21,,
173,2,5,38,,
176,1,3,11,,
176,1,3,18,,
176,2,4,12.5,,
176,2,4,48.5,,
176,1,4,15,,
176,1,4,37,,
176,2,3,45.5,,
176,2,3,34,,
176,2,3,15.5,,
176,2,4,45,,
176,2,2,9,,
176,2,3,22,,
176,2,4,34,,
176,2,4,37,,
176,2,2,65,,
176,2,4,8,,
176,2,3,12,,
176,2,3,11,,
176,2,4,29,,
176,2,4,30,,
176,2,3,41,,
176,2,3,34,,
176,2,4,50,,
176,2,3,37.5,,
176,2,4,18,,
176,2,5,22,,
176,2,3,19.5,,
176,2,4,8,,
176,2,4,51,,
176,2,4,13,,
176,2,3,21,,
176,2,4,18,,
177,2,4,9,,
177,2,3,10,,
177,2,2,31.5,,
177,2,4,17,,
177,2,5,25,,
177,2,2,43,,
177,NA,2,11,,
177,2,2,31.5,,
177,2,4,27,,
177,2,2,22.5,,
177,2,2,31,,
177,2,4,29,,
177,2,4,29.5,,
177,2,3,28,,
177,2,4,18,,
177,2,3,22,,
177,2,3,26,,
177,2,3,23.5,,
177,2,4,29,,
177,2,2,48,,
177,2,2,34,,
177,2,3,15,,
177,2,3,14,,
177,2,5,27,,
177,2,3,12.5,,
177,2,3,33.5,,
177,2,2,8,,
177,2,4,37,,
177,2,4,32.5,,
177,2,2,37,,
177,2,4,35,,
177,2,4,8,,
177,2,3,7,,
177,2,2,48,,
177,2,4,31,,
177,NA,4,NA,,
178,2,3,48,,
178,2,3,37,,
178,2,4,8,,
178,2,3,33,,
178,2,2,34,,
178,2,3,23,,
178,2,5,8.5,,
178,2,4,32.5,,
178,2,4,21.5,,
178,1,3,40,,
178,1,3,11.5,,
178,1,3,9,,
178,1,3,22,,
178,1,3,11.5,,
178,1,3,7,,
178,2,2,9.5,,
178,2,4,24,,
178,2,3,23.5,,
178,2,3,28.5,,
179,2,2,45,,
179,2,1,9.5,,
179,2,2,39,,
179,2,2,11,,
179,2,1,21,,
179,2,2,9.5,,
179,1,1,7,,
179,1,2,8,,
179,2,1,19,,
179,2,4,33,,
179,2,4,45,,
179,2,4,28,,
179,2,5,32,,
179,2,4,33,,
179,2,4,34,,
179,2,3,29.5,,
179,2,3,12,,
179,2,4,8.5,,
179,2,1,20.5,,
179,2,5,44,,
179,2,4,56,,
179,2,3,25,,
179,1,2,12,,
179,NA,NA,NA,,
179,2,4,20,,
179,2,4,13,,
179,2,4,25,,
179,2,3,28,,
179,2,2,29.5,,
179,2,5,16,,
179,2,2,16,,
179,2,3,16.5,,
179,2,1,70.5,,
179,2,1,22.5,,
179,2,1,10,,
179,2,1,7,,
179,2,2,9.5,,
179,2,3,19.5,,
179,2,1,12.5,,
179,2,1,7.5,,
179,2,1,31.5,,
179,2,1,11.5,,
179,2,3,10.5,,
179,2,3,22.5,,
179,2,3,12,,
179,2,4,9.5,,
179,2,3,9,,
179,2,2,26.5,,
180,1,1,23.5,,
180,2,3,44.5,,
180,1,2,9,,
180,2,3,30,,
180,2,3,29,,
180,2,3,11,,
180,2,3,31.5,,
180,2,4,15,,
180,2,3,17,,
180,2,5,24.5,,
180,2,4,12.5,,
180,2,3,13.5,,
180,2,2,24.5,,
180,2,5,7,,
180,2,4,30.5,,
180,2,3,13.5,,
180,2,5,9.5,,
180,2,5,7,,
180,2,5,21.5,,
180,2,5,23.5,,
180,2,3,27,,
180,2,3,9,,
180,2,5,18,,
180,2,4,17,,
180,2,4,23,,
180,2,5,22.5,,
180,2,5,10,,
180,2,4,13,,
180,2,4,12,,
180,2,4,39,,
180,1,2,7,,
180,1,2,8,,
180,1,2,7,,
180,1,2,8,,
180,2,3,20.5,,
180,2,3,64,,
180,2,4,7,,
180,2,3,50,,
180,2,3,27,,
180,2,2,67,,
180,NA,NA,NA,,
180,2,5,11.5,,
180,2,3,9,,
180,2,5,20.5,,
180,2,3,9.5,,
180,2,4,14,,
180,2,3,17,,
180,2,3,12.5,,
180,2,3,17,,
180,2,2,13.5,,
180,2,3,32.5,,
180,2,3,32,,
180,2,3,38,,
180,2,3,15.5,,
180,2,2,43,,
180,2,4,15.5,,
180,2,2,9,,
180,2,3,25,,
180,2,2,47.5,,
180,2,4,8,,
180,2,3,10,,
180,2,2,51,,
180,1,1,24.5,,
180,2,5,11,,
180,2,1,62.5,,
181,2,2,14,,
181,2,3,32,,
181,2,4,47,,
181,2,3,27,,
181,2,3,9.5,,
181,2,3,28,,
181,2,2,35.5,,
181,2,4,17,,
181,2,3,22.5,,
181,2,5,34.5,,
181,2,3,47,,
181,2,3,7.5,,
181,2,3,7,,
181,2,2,41.5,,
181,2,4,25,,
181,2,4,17.5,,
181,2,4,12,,
181,2,3,33,,
181,2,2,16.5,,
181,2,2,37.5,,
181,2,2,13,,
181,2,3,8,,
181,2,3,7.5,,
181,2,3,11.5,,
181,2,2,8,,
181,2,3,12.5,,
181,2,3,14,,
181,2,3,20.5,,
181,2,3,21,,
181,2,2,16.5,,
181,2,4,20,,
181,2,3,23.5,,
181,2,2,30,,
181,2,4,77,,
181,2,2,28,,
181,2,5,29,,
181,2,2,10.5,,
181,2,4,65,,
181,2,2,7,,
181,2,2,37,,
181,2,4,40,,
181,2,4,45,,
181,2,3,17,,
181,2,2,9,,
181,2,3,7,,
181,2,3,12,,
181,2,3,18,,
181,2,3,38,,
181,2,4,12,,
181,2,4,18,,
181,2,2,15,,
181,2,2,12,,
181,2,2,27,,
181,2,3,9.5,,
181,2,2,39.5,,
181,NA,NA,NA,,
181,2,4,35,,
181,NA,4,46,,
181,2,4,10,,
181,2,4,21,,
181,2,4,17,,
181,2,2,7,,
181,2,3,38,,
181,2,2,11.5,,
181,2,3,10.5,,
181,2,3,28.6,,
181,2,3,26,,
181,2,3,8,,
181,2,3,34.5,,
181,2,2,23,,
181,2,3,11,,
181,2,4,12,,
181,2,5,43,,
181,2,4,42,,
181,2,3,22,,
181,2,3,10,,
181,2,3,13,,
182,2,3,29,,
182,2,4,23.5,,
182,1,5,8.5,,
182,2,4,37.5,,
182,2,4,35.5,,
182,2,4,29,,
182,2,4,17,,
182,2,3,8.5,,
182,2,2,69,,
182,2,3,8,,
182,1,2,44.5,,
182,2,2,10,,
182,1,2,7,,
182,2,3,8,,
182,2,3,85.5,,
182,1,2,7.5,,
182,1,3,10,,
182,1,3,8,,
182,1,3,10.5,,
182,1,3,11,,
182,2,3,76,,
182,2,3,62,,
182,1,3,7,,
182,2,3,97.5,,
182,2,3,16,,
182,2,3,26,,
182,2,4,26.5,,
182,2,4,29.5,,
182,2,3,13,,
182,NA,NA,NA,,
183,2,3,42,,
183,2,4,32,,
183,2,3,44,,
183,1,2,9,,
183,2,5,46,,
183,2,3,38,,
183,2,4,26,,
183,1,2,9,,
183,2,5,39,,
183,2,5,43,,
183,1,2,8,,
183,2,4,15,,
183,2,4,38,,
183,2,4,7,,
183,1,2,8,,
183,2,5,13,,
183,2,4,40,,
183,2,2,8,,
183,1,2,13,,
183,2,5,10,,
183,2,3,28,,
183,2,5,40,,
183,1,2,10,,
183,1,2,8,,
183,1,2,7,,
183,1,2,10,,
183,1,2,12,,
183,2,5,57,,
183,1,2,7,,
183,1,3,35.5,,
183,1,2,7,,
183,1,2,10,,
183,1,2,10,,
183,2,2,10.5,,
183,2,2,8,,
183,2,3,74,,
183,2,3,19,,
183,2,3,13,,
183,2,3,35,,
183,2,3,39,,
183,2,5,23,,
183,2,4,27,,
183,2,5,35.5,,
183,1,4,29,,
183,2,5,15,,
183,2,3,14,,
183,2,3,38,,
183,2,3,21,,
183,2,4,10.5,,
183,2,3,35,,
183,2,4,45,,
183,2,3,64,,
183,2,4,30,,
183,2,3,47,,
183,2,4,24,,
183,2,5,28,,
183,2,5,39,,
183,1,2,7,,
183,1,1,7,,
183,2,4,37,,
183,2,4,19,,
183,1,1,8,,
183,2,1,10,,
183,2,4,9,,
183,2,4,17,,
183,2,5,28,,
183,2,3,14,,
183,2,4,29,,
183,2,4,30,,
183,2,5,9,,
183,2,5,35,,
183,2,5,28,,
183,2,2,68,,
183,2,3,13.5,,
183,2,4,8,,
184,2,4,40,,
184,2,4,36.5,,
184,2,5,43,,
184,2,4,11.5,,
184,2,4,23,,
184,2,5,44,,
184,2,4,56.5,,
184,2,5,42.5,,
184,2,4,58,,
184,2,5,33,,
184,2,4,48,,
184,2,3,11,,
184,2,4,31,,
184,2,5,41,,
184,2,4,37,,
184,2,4,11.5,,
184,NA,NA,NA,,
184,2,5,40,,
184,2,4,18,,
184,2,4,40,,
184,2,4,26,,
184,2,1,75.5,,
184,2,2,24,,
184,2,4,12,,
184,2,4,78,,
184,2,5,24,,
184,2,4,53,,
184,2,2,38.5,,
184,2,4,33,,
184,2,4,44.5,,
184,2,3,23,,
184,2,4,28,,
184,2,2,44,,
185,2,3,8,,
185,2,2,14,,
185,2,4,34.5,,
185,2,2,11.5,,
185,2,3,35.2,,
185,2,2,9,,
185,2,3,48.5,,
185,2,4,22.5,,
185,2,4,13,,
185,2,2,14,,
185,2,2,11,,
185,2,2,11.5,,
185,2,3,14,,
185,2,3,30.5,,
185,2,4,24,,
185,2,4,34.5,,
185,2,4,48,,
185,2,4,28,,
185,2,3,44,,
185,2,4,33,,
185,2,5,18,,
185,2,2,10,,
185,2,2,11,,
185,2,3,11,,
185,2,3,9,,
185,2,4,40.5,,
185,2,4,10.5,,
185,2,4,29.5,,
185,2,5,15,,
186,2,3,11,,
186,2,4,17,,
186,1,4,10.5,,
186,1,4,7,,
186,1,4,9.5,,
186,1,4,18,,
186,1,4,15,,
186,1,5,10.5,,
186,1,4,13,,
186,1,5,13,,
186,1,3,11,,
186,2,2,7,,
186,2,2,41,,
186,2,3,7.5,,
186,2,3,17,,
186,2,3,51.5,,
186,2,2,23,,
186,2,3,10,,
186,2,3,7,,
186,2,3,45,,
186,2,2,10.5,,
186,NA,4,24.5,,
186,NA,3,35,,
186,2,4,39,,
186,2,3,7.5,,
186,2,3,14.5,,
186,2,3,13,,
186,2,3,41,,
186,2,3,13.5,,
186,2,5,23,,
186,NA,NA,NA,,
186,2,3,37,,
186,2,4,12,,
186,NA,1,NA,,
186,2,4,10,,
186,2,2,8.5,,
186,2,3,15.5,,
186,2,2,49.5,,
186,1,3,10.5,,
186,1,4,13,,
186,1,3,10.5,,
186,1,1,10.5,,
186,1,4,13.5,,
186,1,3,10.5,,
186,1,4,9,,
186,1,3,11,,
186,1,4,11,,
186,1,4,10,,
186,1,3,10.5,,
186,1,3,8,,
186,1,5,12,,
186,1,4,19.5,,
186,1,3,10,,
186,2,4,8,,
186,1,4,11,,
186,NA,NA,NA,,
186,1,5,9,,
186,NA,NA,NA,,
187,2,3,75,,
187,2,4,10,,
187,2,3,32,,
187,2,3,20,,
187,2,2,81,,
187,2,5,29,,
187,2,5,34,,
187,2,4,46,,
187,2,4,23,,
187,2,3,55,,
187,2,2,81,,
187,2,2,18.5,,
187,2,4,16.5,,
187,2,2,61,,
187,2,2,64,,
187,2,2,61,,
187,2,3,48,,
187,2,4,36,,
187,2,4,42,,
187,2,3,52,,
187,2,3,50,,
187,2,2,11.5,,
187,2,2,15,,
187,2,5,34,,
187,2,4,35,,
187,2,5,26.5,,
188,2,3,52,,
188,2,2,73,,
188,2,3,7,,
188,2,2,15,,
188,2,2,9.5,,
188,2,5,11,,
188,2,3,45,,
188,2,2,8.5,,
188,2,4,18,,
188,2,4,21,,
188,2,2,11,,
188,2,3,50,,
188,2,3,45,,
188,2,3,13.5,,
188,2,2,54,,
188,2,5,45,,
188,2,2,72,,
188,2,2,11.5,,
188,2,5,69,,
188,2,2,55,,
188,2,2,18,,
188,2,5,38,,
188,2,3,56,,
188,2,4,11,,
188,2,4,23,,
188,2,3,65,,
188,2,4,43,,
188,2,5,60,,
188,2,3,58,,
188,2,2,42,,
188,2,2,11.5,,
188,2,3,28,,
188,2,5,29.5,,
188,2,5,11,,
188,2,4,33,,
188,2,4,59,,
188,2,3,19,,
188,2,4,17.5,,
188,2,4,37,,